lat,lon,ports_count
18.539704707017794,72.97563008492156,2
19.090658925516493,72.69863907346912,2
19.023506949330418,72.66296863432595,12
19.035828157737626,73.56938220661728,17
18.561851806317847,72.78061450585555,18
18.851994204222354,72.91075370594614,12
18.89187480923623,73.10522115436899,14
18.742324046430042,73.16109434850273,3
18.803852164429557,73.25252425537782,6
18.767845280754884,72.75301426287503,4
18.80447547660668,73.28109179583745,13
19.27219122997029,72.72086412262708,19
18.56534917804342,72.91724174485219,15
18.553476333156773,72.89630616066277,10
19.491337038698344,72.96593977425405,7
19.397485000864343,72.67143277699913,11
19.197757526531372,72.93389582949987,13
18.630058235445695,73.03147579763231,9
18.656730559937476,72.76277336533964,16
18.70048600910493,72.75464629870466,7
18.91589314221107,72.88076121996673,6
19.01349567383115,72.83731503364122,16
18.57545338362507,73.22031273698444,5
18.811637200270145,72.98749761588216,5
18.812460224411264,73.10429857843422,13
18.81979686212207,72.94101174290658,15
18.90632930590609,73.02801888849949,17
18.939693434809534,73.3630762725519,11
19.43994115163345,73.05553926928044,14
18.699477868929257,72.7396419846232,7
18.975167661839016,72.63303529659538,9
18.736397033300516,72.60633084581853,18
19.430353146257463,72.63979134787012,3
18.833787540177017,72.86915245425324,9
18.682091588908257,73.14267535690524,3
18.684100575023066,72.78404380415559,14
18.841318680634764,73.16966882342895,5
19.140426223222452,72.51847262479721,16
18.771836884293656,72.86928918748238,18
18.988906088271523,72.93072058651114,6
19.026152204550844,72.92154544671783,19
19.01267307372045,73.05980811087612,13
18.582871621182765,73.06378848273445,7
19.007075000568868,73.00775533415064,9
18.879123757714606,72.72239303061137,8
19.242981318070626,73.09147423006989,12
18.953969016748275,72.72027491631916,9
18.913753550602248,72.7608846908039,18
19.130829880886658,73.036350730183,1
18.792802440461678,72.76355092722125,4
19.538851876230268,72.6367722765233,9
18.700379613056626,72.94281110730992,9
18.83240701709448,72.77511811886512,16
18.629373805935177,72.84356989973631,1
18.465509744278943,73.00014727083608,17
18.808121852196358,73.18449657739505,11
18.836320916916563,72.97907723186854,14
18.72772391216465,72.82129966689187,14
18.50768310297533,72.976932150641,3
19.24007186306939,73.0486336443968,17
18.723969770162416,73.28967975834972,4
18.745391848025236,72.8965991973015,1
19.006016510257496,72.65985424071286,10
18.879017480974014,72.36815908006406,17
18.69578033393403,72.99928689235124,15
18.967648326455947,72.88526453178658,7
18.968557237298416,72.88938397776586,19
18.639883756164654,72.38032218317495,11
19.06952030896818,73.14930264326112,4
18.771715016321323,72.69116802183161,5
19.256319626997314,72.99808131987324,19
19.206521631289363,73.31064928404936,17
19.074900218788727,72.62653712635051,18
19.001805624398543,73.14596307537548,7
18.739216471205335,72.7949205053299,10
18.533099927024995,72.93439612782582,14
18.513373258273358,73.0418541090357,5
18.590919183031712,72.6944914468096,11
19.17958959012988,72.9843475191732,5
19.059045230710982,72.92530945784456,10
18.899829569717703,72.8401637857551,16
18.908070911351953,72.8715335429389,11
18.931859619046314,72.81903163895365,14
18.864900012962632,72.58433351364404,7
19.11107944399574,73.09654912850579,10
19.09092235796266,72.68793474280208,7
19.021988798120123,73.04352214266247,5
18.73761614752026,72.44427285666073,14
18.756448183003812,73.02976928631593,8
18.929557391991104,72.46217757646099,9
18.658868543981885,73.16932518402287,5
18.720799297447453,72.70471600565857,1
18.670468887787315,73.10364969859292,7
18.74031039165943,73.06955238849415,2
18.56480773210365,72.79837723309782,3
18.77901464203445,73.1810514701433,7
18.84835678394166,72.63940682475209,14
18.888900756867734,72.7231011489585,13
18.69364447179869,72.38066369772528,7
19.21832218081676,72.66346369351392,14
19.08321977128029,72.99364647493283,9
18.79153914831928,72.89134980510336,15
19.047361557450763,72.93915932126596,9
19.00092962491358,72.92048530062705,2
18.99544696238745,72.9823575865016,5
19.054975889423186,72.90005378155861,4
18.875986822712818,72.96053420247702,6
18.859352004645174,72.55419078073864,14
18.45733023932988,72.6869069901606,18
19.09178238406069,72.71185182457619,9
19.034746350468406,72.93035523104692,4
19.18332468781071,73.07235305310056,3
18.578927213192646,72.84439895945131,19
19.23177530669864,72.7251875035872,13
19.27391641756104,72.7789103677715,1
19.059709213318357,72.951118553418,4
18.98966091877373,72.92098135873798,3
18.90988182632907,73.31100655960249,19
18.70382177922925,73.14233407507655,12
18.9407242765039,72.50609534090172,7
19.00030920005853,72.71743598456672,10
19.1330566844732,72.79058943696485,13
19.28043416148383,73.20372082161899,5
18.923299154196812,72.88836184960248,17
18.973246732574207,73.16095596601855,3
18.93105419163867,73.0692655804722,17
19.35440018145693,72.90494344585407,17
18.822770215645374,72.69807123410052,9
18.46141779009849,73.21429206098585,8
18.819251977756426,72.46440715754692,14
19.115828834217936,72.80506473001964,19
18.476621626295767,72.68852502048125,13
18.905642612839163,72.65770011748741,19
18.565530384634165,72.99676566973172,8
18.989414040484643,72.97609846855424,9
19.37445438345548,72.80361465323426,18
18.544190280594712,73.05860949307122,12
18.977383307461942,73.15901755391717,3
19.161845995373884,73.28424576591989,2
19.323746281172568,72.43335142424282,16
19.373196028737375,73.28878970049438,16
18.980697808148772,73.14968190632659,4
19.164649192208003,72.92320033427568,10
19.177013947161957,72.5044469228307,4
18.965865287395566,73.15709886750773,13
18.6339923539596,73.03646861526069,8
19.113025500039388,73.14560166088408,17
19.2907657095817,73.11316812345379,17
18.56669731723159,72.76443743978787,5
19.02936656413168,73.19214257250394,2
18.816909692064655,73.13528634114854,13
18.98536632505726,72.91161961086554,11
18.787791887167167,72.80713601072969,8
19.01115441334642,72.82605738921411,18
19.117396743230533,73.34673505292139,2
18.766313861250417,73.12065646643788,14
18.821488756110504,72.80166653336028,14
18.81078219658025,72.87763188252579,13
19.230794620459,72.84085075741837,11
19.28294905739986,72.79546540065785,4
18.499077925070445,72.72562286798411,9
18.963682501144607,72.63647499327614,4
18.885573381764008,72.73131548827419,16
18.76582176668101,72.91470540796121,6
19.07921802757929,73.06857694420876,14
18.902277501818944,72.74632158986444,16
19.284320767685628,72.7693785893153,16
18.99457165934108,72.68421235163954,1
18.69587698776143,72.59246499876441,14
18.87162508461955,72.86088663188336,15
18.739085624012343,73.26370634335952,1
19.295199800362635,72.34374199562178,8
18.98801907249622,72.99334068767789,16
19.142114449627524,72.71320323699014,3
18.57713794058804,72.93142396496444,19
18.863251163201692,72.67484385383831,12
18.768698619370983,73.21251757352161,13
18.637875736207118,72.96837148985847,16
18.885163536359208,72.66516766327679,10
18.865099646145865,73.21546759720623,17
18.687481690085768,72.7257433476916,18
18.939389925514657,72.89186240676177,18
19.079450533981447,72.84331853191931,16
19.1627935658831,73.14009184805909,11
18.763743779404155,72.90340110705588,7
18.933503703986634,73.3788754930621,12
18.640879588241546,73.12121492029972,16
18.552538991899354,72.65402968426702,11
18.838424312257757,73.52820573666095,1
18.737228518153316,72.84074419093135,1
18.438778715073614,72.79784313093299,5
19.0717812166891,72.95846817807019,17
18.856130912540376,72.72999727774797,2
18.988265629782585,73.34341927601086,16
19.034084015859765,73.10755480878142,19
19.422933256469772,73.12492124005337,13
18.983707751899885,72.95250280222677,17
18.87771450878124,72.96830445138632,9
18.81678872649173,73.20520295972378,4
18.9997752708277,72.63704496002654,14
18.57091985364694,72.96584881436897,16
18.548269026615845,72.97768416172856,13
18.987655420409283,72.91749702472828,15
18.864951768433063,73.49233411383685,19
18.9113970426618,72.83826039981484,14
18.644759748698643,72.75675154740061,6
19.269333356717514,73.24464432764746,6
18.426435124167142,73.36494327741927,13
18.71241457834797,72.86496555385663,16
19.42016792384887,73.42388779448301,15
19.16748002368083,72.80863205311125,15
19.23282563446585,73.1205175616935,9
19.068392550446298,72.55489002956338,6
19.572447765082607,72.69622487845005,16
19.53965846717022,73.20725335005915,11
19.09582909846233,73.30516617989475,13
19.092955727890487,72.91246801604122,3
19.044981406350225,73.51991410638271,13
18.821311805473577,73.27725676159204,16
18.997642294124844,72.77592004645909,4
19.02120682904006,72.85545099525092,3
18.545746327594365,72.60345023319701,16
18.53043035430245,72.83932255448285,7
19.083940433477522,73.00980506962959,9
19.308105162937444,72.96007718711081,19
18.90742915327699,72.9577031467199,13
19.53742409532222,73.19933457187702,1
19.02969530159433,72.99166045444214,6
18.88822382371929,73.12125453767949,8
18.744035944262684,73.06166915744382,6
19.12438627944794,73.02172314976328,16
18.59743071596357,73.18040930377673,6
18.912557601521126,73.15051350025784,7
19.1111597024842,72.66841694278983,7
18.750642304103085,73.40472778885646,9
18.96933325988219,72.98011597735945,15
19.106190560444617,72.71232370696528,19
18.795621629792468,72.93375065700221,9
19.262714749505857,73.01521067894016,13
19.335437903058473,73.09694662676318,10
18.847331010486787,73.19014584214695,4
19.049909784504166,73.14198948866857,8
19.068872502342625,73.40957687950741,1
19.186717767017576,72.97643475839025,15
19.025591900996773,72.91026558212602,7
18.919415529661258,72.58314173927603,6
18.835817839243767,73.1924983297189,18
19.30912029320562,73.10238771747747,16
18.955273963550162,72.80859097979673,2
18.905877375024225,73.010717197504,19
19.361783104461654,72.94745151468899,19
19.136154114682792,72.99378643614075,5
18.844416817270258,72.88143991996047,5
19.051204642219027,72.97826775833298,15
18.857559980177147,72.57027302946496,9
18.804833184195502,72.84856417364317,7
18.9636802342024,73.02699688488491,5
19.048790822502603,72.77371798365196,3
18.94567270691042,73.047257881118,18
19.235433587477125,73.4663039068027,16
19.26281811238043,72.66134714346312,13
18.923014714400352,72.49181906392181,18
19.056094206141484,73.25147961474725,17
18.982282595001525,73.47326646799729,17
18.852638078762627,73.04281185957127,12
19.13932299940074,72.95157154747288,10
18.629971585107462,72.78864400513433,15
18.860195471723486,73.0848080370118,15
18.809179326090163,72.94614434032434,11
18.874122161505078,73.16234695898281,10
18.828543420332934,72.52179594384913,14
18.695959042904807,73.03176231409657,13
19.02707483499504,72.74145897563758,16
19.007209598429935,73.18683010414375,16
19.09744736711148,72.66374881674672,9
19.158926042775168,73.10739246098831,13
19.20142094742047,72.80447009784079,14
18.898868511710532,72.84130178239249,15
19.115420573759145,73.16241524355834,17
19.03450599141845,72.75091174202721,1
19.073079256202096,72.57476807161727,16
18.985646375675074,72.96816529559993,19
18.89943217598948,72.78472560422173,19
19.038696522164216,72.60737249728894,2
18.980961360532635,73.03751952449863,4
19.174836121365768,73.02249114199212,5
19.33628219705273,72.97921405978748,6
18.86486995093284,73.0769225641526,8
18.965681377907284,72.45124797311041,8
19.6796749341208,72.75923153378677,14
18.644814387963727,73.01938623585184,7
18.69742396565211,73.20901445043941,3
19.363294259986542,73.00997730136126,12
19.578313233537674,73.24207469908953,19
19.463162016871284,72.78068852629221,13
19.17851761047077,72.79636635330037,1
18.992232928033186,72.85707601594257,7
19.03140221728962,72.92933030385547,6
19.200255979948132,72.5062325625233,9
19.33379624350918,72.94474017893783,1
19.234157741117,72.94142721693412,8
18.59629395341695,72.79676344423687,17
18.805867722186974,72.75780190338534,18
19.169464179427596,73.01787537615367,1
18.75398767798219,73.09729919917409,12
18.623912164578062,72.9861029981131,14
19.318559034345743,72.98566027594055,19
19.16444500005403,72.9408602737748,1
19.487151634647994,72.95382289024239,6
19.342873697710104,73.1201691826702,1
18.944329131951523,73.35532456220236,17
19.161668919999844,73.3231930641001,3
18.902118597735868,72.67907613568929,5
18.696687357321828,72.4222409540782,16
19.39887660209849,73.08260501054943,16
19.051422421037735,72.95533847500528,6
19.43695984735567,72.93496092883879,18
19.127144222759693,73.04523059175852,18
19.16950913474723,72.8889013259817,19
19.24419539592902,72.54510680876969,17
19.05408539597248,72.6645368994031,11
19.040627773751797,72.67982780108427,10
19.160564930246768,73.11666754618575,18
19.41150229094232,73.42143500861063,18
19.22621495486926,72.83254585381357,19
19.104280122352375,73.60031547335052,13
18.997318533197923,72.47589649829457,10
19.070452359209362,72.82306838874138,11
18.884092447417327,72.99582286430406,1
18.854431993521327,72.31200303328629,13
19.04057502088941,73.33052884225438,4
19.101498251106214,72.77701420102696,17
19.28179923102703,72.95841858844388,5
18.81770160581872,73.06204898600262,6
19.102645864524497,72.55224049611097,8
19.206726722912617,73.55808577478915,17
18.854669724410787,72.98342209379983,12
18.984999686595444,72.86485392541208,18
19.289851963374222,72.67224769400823,9
19.08522335526101,73.00118180135696,6
18.59576385511944,72.55601761683363,19
19.29354673407507,72.98480343954206,13
19.122239936166196,73.29916819016283,3
18.698509997734433,73.24130844996544,17
18.880525441583593,72.81111353590926,4
19.068425871683523,72.8804149587511,13
19.178091701321893,73.08534933393862,18
19.35714447240603,73.24550614865448,10
18.874656549352114,73.3332494051531,5
18.98716237513097,73.35737947107333,12
19.320914622427708,72.7167586510722,6
19.36123291125446,73.13828417088352,6
19.019165232994254,72.60414386806598,14
18.966809660795455,72.83419130056188,2
19.224973109775792,72.65643051748243,4
18.582187817623193,72.66168724327827,2
19.096623295897707,73.01049320834578,6
19.09327237860057,72.77703017297026,1
18.98303050523264,73.0216541311341,10
19.217903204566976,72.64781628517287,8
19.37296842848522,73.07100978978991,11
18.856011723321657,72.8424566710241,13
18.918004562815256,72.8770731987192,12
19.26652678035769,72.62489237744292,5
18.736923687454027,73.20474383306775,19
18.96689382264288,72.98512186506143,18
19.64206915127962,73.0849482317651,15
19.14728354823845,72.63085237046317,12
19.029030583276455,73.11892765954767,14
18.66891473112821,72.96028701735023,11
18.498320694808648,72.82599477233259,5
19.365809370875702,73.29422211342917,19
18.809142243382382,73.05220836989497,2
19.11137136872054,73.06314124628395,4
19.418596508335536,72.45878728823931,9
18.975490775542585,73.2203096050331,8
18.98508454232532,73.06189435530032,15
19.2740239680843,73.2594276103494,14
19.43871489844449,72.80182700986555,7
19.311727406040927,72.77165675388784,8
19.467582979476287,73.3537283038858,4
18.52311669152009,73.1895998582739,8
19.205340424303387,72.59285092118405,9
19.421034387346893,72.95405283296333,11
19.21257584130906,73.20565796682156,9
19.06401918187544,72.99447486572242,17
18.793744946637002,72.81254063866484,18
18.916607568694612,72.78280868215745,9
19.47489745235003,72.96609195996442,13
19.090950742764075,73.20531113438675,2
18.94244295260171,72.70116449767126,17
18.712240970616012,72.416429414988,12
19.21647433340638,72.8486060339814,4
18.898608992749583,73.06253582505634,2
19.09198365526661,73.11796456311018,10
19.531394766553117,72.69655548981062,4
19.29918702183327,73.01742840608219,1
19.42741435540434,72.79034800782705,17
19.135932350732535,73.1338822992136,12
19.278233780750956,72.91702958461988,9
19.4324808449245,73.15959382225928,18
18.892772106939407,72.96682569866907,11
19.090798232878317,73.07501168557991,10
18.927711933359483,72.83931970898574,10
18.947824327649933,72.77249382142448,7
19.06299948323944,72.87889266856924,15
18.86157874538905,73.1041547351246,16
19.007428450979965,73.58102555241615,4
19.271497724692303,73.2650359082898,12
19.07588042855582,73.32999415929784,15
18.906061780863592,72.92384061246828,17
19.296577843398605,72.81580471432075,6
18.870914521834592,72.39907345244421,3
18.823880918268777,72.80047712783401,13
19.40023827526064,72.60512834925143,2
19.311339441263275,73.14215600576809,4
12.859643584805424,74.85916641799669,7
12.917997617983435,75.0720465238978,8
12.758485135454071,74.60942592990224,8
13.009832709286101,75.1028852527132,2
12.512547912966072,74.69107405832953,11
13.174672024867027,74.67772657336901,13
12.948142511268728,74.79291623169463,9
13.019281298659793,75.05839143351974,6
12.958113103008248,74.94512184335095,16
13.212444519319483,74.48245152992915,4
13.012277665844957,74.59598804494284,1
12.612930526355889,75.51162146836343,7
12.668517232357658,75.02990324326554,16
12.881560880005248,74.86074572545347,4
12.676251927013471,74.62625773747232,14
12.640159652825401,74.95635567317979,14
12.72290742821406,74.54347237033356,15
12.930042897398598,74.98862199784304,17
13.1875476369334,74.99234311513878,7
13.204652213250116,74.99922383639588,3
13.058261106651242,75.36668605261528,3
12.819524479064642,74.8987224431812,18
12.878256332979968,74.65477069509008,3
12.9182573019333,74.39802501622971,19
12.73511455551779,75.23116741993938,4
12.995374943807972,74.72229537820415,16
13.06679781389532,74.79593945196903,17
12.763068003794125,74.35960139315421,7
12.229774639829495,74.70424050100667,5
12.560089691479147,74.67250267745483,15
13.068031953870767,75.25107440187979,15
12.549022338278137,74.79130204988137,2
12.984950939784435,74.81550517093086,18
12.797451204553749,74.69634097641924,10
13.201244534068385,75.07307729295552,14
12.929101402042575,74.29112855744432,2
12.430278142192464,74.71334349100657,10
12.88726353344262,74.82629829795133,8
12.891973740760198,74.9669892336239,12
12.855659327572786,74.8144055882918,15
12.668332833163841,75.00531106824019,9
12.98705193272139,74.76151676612778,17
12.833195892994537,74.82042641074617,3
13.077961103288548,74.8805786528203,5
12.864278655592239,75.18759785395179,10
12.947353507039466,74.82442065520087,5
12.812057829705163,74.93374010073191,5
12.806679867733154,75.11298689463163,9
13.016353085552245,74.99433207167472,5
12.989569123464072,74.690479397791,14
12.834251879757982,74.58249549844263,9
12.768653763485553,74.87056139835495,19
13.058676653493327,75.22140058196713,6
12.618977302454232,75.14508793709042,4
12.851009162182894,74.36919056056179,4
12.667814109401288,75.21244109137845,15
13.02312080808542,74.95391295113343,5
12.654494188584696,74.47426049752445,13
12.938863648066881,74.501899311269,13
12.59124122023459,74.70981325055273,19
12.89930558181322,74.61715721507137,5
12.855086971798151,75.30865350056146,14
12.745683357584053,75.08658484819817,15
12.86045081968471,74.87562988505915,18
12.65260098909685,75.11507651251858,8
12.810322894466907,75.40514586021958,17
12.806357928667605,74.769529520759,18
13.132171364902401,74.51311095621199,8
12.835768722668861,75.1614311406869,14
13.594661054752342,75.02357524833921,5
12.598309966015009,74.8605713040794,18
12.99196566303166,74.66305552536956,7
12.50655766274182,74.94296547153958,18
12.70025433043664,74.52997567953261,19
13.073001657809412,74.96402475247899,19
13.069011272675722,74.40210040246065,16
12.879647081002684,74.53875733387483,15
12.671129951733104,75.01368433071168,11
13.101778374965624,74.28245080152608,2
13.192909573221558,74.9472041296659,7
12.665149600368524,74.91315543944404,1
12.891319347320037,74.50136117821172,5
13.04889430232315,74.919901690382,15
12.889808067218983,74.7223679393358,19
12.789115670602058,74.66689250295543,7
12.885435602286147,74.72307342827317,17
12.706490932633221,74.48466934167588,7
12.304040796385804,75.01003922889842,19
12.68676590527608,74.69124709610715,15
13.08750121999595,74.40985341748166,15
12.594875924515787,74.85293122746407,17
12.976307159700267,75.08962881655032,14
13.011777510818275,74.21107701581232,3
13.490207671104676,74.92586366579954,4
12.87026402448845,75.0030737628221,5
13.1832720681036,74.60354616343041,8
12.96545028015577,74.61736130228192,7
12.447524533797944,75.0731656173631,15
12.682427522086485,74.68443895641813,12
12.931734328059184,75.04367875503328,14
13.34209344758439,74.5108083799648,12
13.059949655306042,74.52619551102912,15
12.838867797766913,75.09581263364674,15
12.982072559259827,74.71088674151649,8
12.728133491648164,74.97534772867142,19
12.882990323508652,74.44642516160275,12
12.619655174852122,74.94581547132591,11
12.926559579849156,74.6784115638855,18
13.121888516429134,74.72365600414321,5
13.268055601486948,74.41541157414916,7
13.559404965828925,75.0202819076048,18
13.453826200163967,74.57851143529253,8
12.634861255646772,74.60228326952391,13
13.415431324511566,74.88425143252017,15
13.129948873582839,74.91794427760688,5
13.151273624942073,75.14976794513358,15
13.212689724708696,74.9190232986768,2
12.669859671040987,74.70876370464788,5
13.14728010398962,74.31122945244911,3
12.459460131934472,74.40635733417537,4
12.734305616455552,74.7512755883634,6
12.640629992305447,74.8164848872256,15
13.29547765480465,74.91866150057413,4
13.152990179042044,75.28020553217458,4
12.835736665713686,74.73015911152083,2
12.918761435749385,74.29168810336715,15
13.130972479231353,74.77677837624961,16
13.0808971128051,74.61879419786764,14
13.140241060730837,75.32018633403165,8
12.457551543575285,74.96878493718565,19
12.747417276147328,74.55517645765525,13
12.707299565704844,74.45499097209579,5
12.576208938850218,74.56033732811709,18
12.76424449053247,74.82712070585961,16
13.007036994591274,74.72687859466289,14
12.504835791564929,74.79161273175883,5
12.554417372566206,74.52673495920895,15
13.15919409530546,74.63676503632777,19
12.888372702882949,74.4611983738615,4
12.709741073418998,74.9176380684766,7
13.058686397411108,74.88764478848047,17
12.787481541886514,74.75945217199016,12
13.042905491163697,75.09680879893251,19
12.805943623997033,74.96189356350114,15
12.939500747049632,74.55589723781046,9
13.102490264481444,74.82216240787172,4
12.932649915563333,74.44218391285386,5
12.929706399843978,74.72964823722448,3
13.229889562980345,74.9766056333051,2
12.586815049941857,74.67757279849204,15
12.569455379870249,74.74423101718926,12
13.383667251780734,74.87963150590504,15
12.855394588202229,74.91802000775955,17
13.30385022020296,74.78571471123021,13
12.6708092041802,75.10541280704872,10
12.660408207534088,74.91124431686971,2
13.008482197476877,74.56803141492875,9
12.713599097393425,75.55259263573102,13
12.83265214683307,74.56775663191759,18
12.807953061444282,75.08887638019384,7
12.381389982369177,74.87147684892213,15
12.823899116452802,75.3535207346841,16
12.836574549276262,74.63232031239598,5
12.944839998747595,74.9047769282317,12
12.629512261912097,75.07868497801769,5
12.898395662276908,75.15211889158292,18
13.039541950190591,74.73944442436458,12
12.724351639487342,74.99665940535817,10
12.930513081725472,74.6744189995757,19
13.135232007536795,74.73271700086559,12
12.71079749742174,74.60376272393405,8
12.741106115699726,74.49841885107897,1
13.305030223921678,74.64669530482236,14
13.216815175102406,74.84196440888074,10
13.077441989908534,74.9702648024027,2
13.214060809936537,74.58167151651794,17
13.142639998568136,74.98046555740099,18
13.150293690308128,75.23942154679038,10
12.919705140334449,75.0612584393147,3
12.85819446720937,75.04118979874391,9
12.900669775130272,74.83938288192049,19
12.590100938383024,74.4363207239203,9
13.10582148043996,75.03760681104018,11
12.617465684796894,75.10527832834207,11
13.033873007492984,74.17366635151484,7
12.835559472333665,74.52677191136924,12
12.890371708152303,74.63498412487375,6
12.743144487084804,74.44512411298818,4
12.5715362660952,74.53732118741593,5
12.82284160903997,75.2125914106168,6
12.844615480058584,74.95973055130489,1
12.834666332845051,74.82620012905618,6
13.008231455949334,74.8089530069625,19
13.072929706768347,75.24310843124557,16
12.82202694875486,74.70235924387967,3
13.021690949541387,74.55908573343187,16
12.925370060216832,75.07913775986668,16
12.84070160207362,74.54991836238763,13
12.442390725335633,74.24968683552433,12
13.203191196445577,74.81031537893683,17
13.313223913116675,74.47244566461107,8
13.143744579070086,74.99132523959177,2
12.836857996077564,74.84351681031214,7
12.546151363101204,74.81293999801876,19
12.813588663538317,74.77590482162412,4
13.024723495906033,74.78242713497515,13
12.805372825811668,74.75001957373982,6
13.067993621402906,74.95194300236382,13
9.449427030626518,76.48426111762694,1
9.87281043909164,75.87712287140025,1
10.123698109204135,76.45788805701307,4
9.42973786835374,76.43990341018507,9
9.840824891281974,75.56911461819729,12
10.186859964618,76.22846193629641,12
10.256483506696322,76.28166433319514,10
9.948434124967967,76.29090119652497,6
9.411490574696629,76.6489812189659,19
9.598361710622799,76.4453394339321,11
9.594382505265587,76.34816605401565,13
10.121322664403607,76.16561059051098,7
10.1097381385486,76.78634363478574,18
9.747767202844535,76.31500209371495,4
10.031381831555937,76.27072563388613,14
9.5848225633723,75.84594524067434,15
9.808728575728015,76.11027390658799,4
9.860552952747977,76.13497114378694,15
9.909283554978431,76.50258281007922,8
9.582393280976236,76.2131504139235,12
10.004299530875715,76.05507972989946,3
9.456446681423994,76.28272030137538,16
9.584623469791088,76.56177801183387,2
9.705236359855094,76.59147842524926,4
10.132786230102491,76.28050313798234,8
10.014225112150783,76.04409891409166,14
9.642202880749622,76.02206292392354,18
9.95669486566399,76.16439750686484,18
10.153009111310153,76.13634013626067,5
10.39544490148889,76.11947531280772,16
10.04324446362001,76.3887798866044,18
10.045254750061218,76.38396033552877,19
9.629917507089608,76.2066771749087,3
9.968617895619412,75.98350804296258,11
9.925580715311177,76.4771817041025,13
9.78425504760348,76.4880385692391,2
9.532271813449757,75.99919911477558,13
9.664294061073567,76.65345746412967,7
9.711896920236072,76.39106337172313,1
10.155021197307489,76.15860653580101,8
9.789256659924956,76.1381827358059,6
9.749258443740306,76.24474079988677,8
9.48683902407895,76.42847726914353,3
9.96281522168166,76.7239735276436,14
10.132414336495263,76.20080198002604,5
9.432520542753167,76.2219553558201,3
9.788237566759513,76.54790239904476,10
9.949927961594156,76.41098042835036,7
10.304976899388517,76.40807663354519,12
9.732852014093229,76.5407859141056,19
10.18766801230916,76.37550693731944,15
9.707649598296697,76.41516447298889,2
10.202011639369905,75.97820358941632,1
9.716497188768434,76.12281080721678,1
9.901384727054488,76.25938584761911,14
10.05208323656227,75.84821540385501,2
9.31368380120958,76.0389038809951,15
9.249030230274741,76.36178351500337,17
10.11699661300249,75.86256302418016,8
10.174823021164611,76.5729044205554,13
10.239726683875913,76.06417826683136,17
10.087937092616956,76.23819234689799,16
10.024823681599553,76.1675089439524,11
9.847305926343251,76.23641144898887,8
9.858549352076716,76.09774691599,1
9.962718480970532,76.5184282102737,7
9.405563040129355,76.30554276553801,3
9.938085989851812,75.85186689639782,13
9.941532568034594,76.42992170752025,6
9.930169478776643,76.17193240447197,14
9.407636076658493,76.47088531234854,13
9.995953636849707,76.32194767381152,2
9.664404961358983,76.19209626788376,11
9.995818618843593,76.05312606117438,1
10.305531050609305,75.96960832114635,8
9.913873658458286,76.08177759558372,7
9.732712533446392,76.03916981831935,14
9.53277544179244,75.75324545020324,18
9.983046003097428,76.11294074163015,11
9.927882548833372,76.20288432527082,17
9.819440693675318,76.36411522154094,17
9.792720516113901,76.34640767899442,10
9.857066103567739,76.0054196132536,1
9.763157740724601,76.55786995058806,3
9.681222631339606,76.35351301017845,5
9.741009461155677,76.17828659026553,7
10.092758419018919,76.43578788041908,18
9.574190935256397,76.17983505650868,9
10.017096367429335,76.62717377405012,14
9.951638591317638,76.53418466719701,13
9.852227531123836,76.04147977877989,8
9.865313182790251,76.42584323392207,16
9.897240206551873,75.97793148205946,2
9.72355614883579,76.21610784614427,8
9.58668185397262,76.39524798228514,2
10.075609555870724,76.23255133737315,11
9.640213718077526,76.22404558622584,18
10.037717468819054,76.51395090643385,10
10.068585556913616,76.55907858434608,3
9.615056794888426,76.38882185485012,12
10.106237815188008,75.89206829830476,2
9.384983034395795,75.92747311101505,16
10.159341869509078,76.09164122416573,2
9.776348441344103,76.31442962456065,6
10.096652103971792,76.3260605978006,15
9.989873174730134,75.83993042182614,19
10.046284546359294,75.95110722332156,11
9.600096548214626,76.13075339680819,16
10.508316857909781,76.19512774076021,14
10.116705123611883,76.28819691485435,16
10.161530043967668,76.37329892893615,2
10.149717497428755,76.44236978286884,16
9.992510772369197,76.05259452652363,6
9.969598892909408,76.13851972539341,16
10.110055008896866,76.06777496529843,19
9.85218655311677,76.24781997204782,8
9.712206387380533,76.03646162253695,15
10.142115847809535,76.1134702508651,4
9.80282805756403,76.62063755614116,14
9.790718557202194,76.37437240302016,19
9.29635787926779,76.34121873247109,18
10.053562165255201,76.18320080973608,19
9.876040885717893,76.46663097461968,5
10.029777713052729,76.26296825444506,4
9.910144628507636,76.33569610642897,2
10.127747647158511,76.5657196337615,2
9.967748014441408,76.11743821032826,9
10.117523201811506,75.90541397564648,13
10.071092947194561,76.39831032664551,15
9.978663288419268,76.08427383599039,2
9.784621199313703,76.31229470195379,1
10.200103855061132,76.27203495610162,15
9.714880577792622,76.5130126629368,9
9.783301528346323,76.06239414159069,16
9.758554743957545,76.3241238034201,9
10.23659439142631,76.29585604582472,6
9.63950907517047,76.46511619255772,16
9.876863046823415,75.89382293787887,18
9.81873558258954,76.43064362102729,17
9.691669420626262,76.64682971886505,18
9.6497498710835,76.1784329279512,2
10.129940969948013,76.32094400210222,15
10.073024110663747,76.01975558833466,17
9.870069211964484,76.16185606097265,9
9.841534335332241,76.60439860683107,1
9.768182844062325,76.61193642726482,13
9.564495418932374,76.37589236878787,1
10.016452586812008,76.13360917025909,4
9.695487638911363,76.16723963221787,1
9.36703221802232,75.89052300451047,9
9.627262235174152,75.87422027702128,8
10.068385318120784,76.29723103435775,16
10.001112555359638,76.15437519294933,12
9.867249221590546,76.5280774429631,8
10.127198792179632,75.57726174101546,10
9.674225788633175,76.35414453276168,10
9.994170521947437,76.50378257894528,11
10.103927509502308,76.30259813990492,1
9.60137711507048,75.88690920996412,16
9.692359218283297,75.93628585802304,16
10.420723110198672,76.02281934321645,6
9.713044947973396,76.02955811402771,19
9.857547578610445,76.08594090101604,2
9.853806967631533,76.00626625741526,17
9.924479926834762,76.15073040729558,17
9.77778931853781,76.19963849738042,17
9.733358828776481,76.34191448070821,11
10.548991737107317,76.09747958278633,3
9.753316744266005,75.7876798869231,13
9.975603593432764,76.30536050570561,4
9.770229659649235,75.88291823681568,16
9.921598650615218,76.15764866911552,2
10.216155165434078,76.00951089728999,16
9.802093579671086,76.24373244070959,6
9.67142246669149,76.06656680092894,3
9.917705905663249,76.79348316721946,4
10.563806267070415,76.36143435844684,17
9.284571735236717,76.08503121446671,5
10.318002496027487,75.85122064687414,14
9.59980794875132,76.3986437939512,3
9.692571344304254,75.99120200800502,6
9.910021982548912,75.67815192150213,1
9.927413173135509,76.05803055674644,8
10.258474697015572,76.11281581229125,1
9.493495995653547,76.18408479359046,10
10.168400522797675,76.668082877167,3
9.963087431672657,76.26630736582392,13
10.03961682562264,76.24379594750255,19
9.887504118184275,76.2818451741838,15
9.340791579586826,76.14324915138369,9
10.149817378715076,76.19303341715506,2
9.550309531826677,76.21571961001486,17
9.76266114430649,76.08800863692159,8
10.169886551365499,76.37457212734842,2
9.554791943717069,76.21809659742938,6
9.765245133767412,76.31501021957615,18
10.280353715892755,75.96724646659155,13
9.877307683405602,76.22746731301191,1
9.93324915987083,76.5066482953919,10
9.792473570723857,76.23566753813485,3
9.775517569827059,76.66865717901739,9
10.108974156750476,76.45072763723371,13
9.724831982742622,76.27360298408831,5
9.92037564982903,76.2394937642389,6
10.29636078045824,76.05993988490988,9
9.795029545592852,76.65300051522937,12
9.601494740086192,76.53408820653276,17
10.17856900976027,76.35280043566195,11
8.674218612090232,77.7880207094034,7
8.40577926146287,78.17914685015242,14
8.855032647684578,78.22139520394313,2
8.952651597475358,78.27025828725175,4
8.81563451232546,77.96892465657578,16
8.781781018765795,78.46197143460094,15
9.171671525772899,77.5751544422579,19
9.205236131035882,77.93419388516925,11
9.067883531908063,78.71099318095885,2
8.883683719934185,78.10722988443052,9
8.824263847589032,78.38121002929526,6
8.536617714396513,78.14739761593302,16
8.323529277233725,78.53456971823627,9
9.142711478315954,78.05195229989458,19
8.82851407283536,78.15593287635105,1
9.647935860971629,78.31863188365672,10
8.654048752429427,78.48322185054964,15
8.906741139117283,77.63872652677861,18
9.055499452883787,78.22957775680054,19
8.636790987551482,77.88679333414532,6
8.73259184688305,78.08623633558734,10
8.751410807814315,77.96605073011308,17
8.698279875576572,77.53969238673625,18
8.89972140324386,78.36445316214336,17
8.813709748588717,77.77197802790705,5
8.29086061256325,78.08265655411088,10
8.827560279478314,78.07320541264649,2
8.893462778739387,77.90117540145759,18
8.789837294040897,78.2596977601034,10
9.211719497725392,78.00864076914226,17
8.886988758180774,77.92114870721898,17
8.805886193502623,77.736156115686,18
9.027363245745162,77.8687269880543,3
9.366620129609576,78.20564865379131,1
8.764167318191411,77.60031995894309,8
9.063424970373742,78.51949979579845,17
9.259726416223893,78.06198731377032,3
8.742311611687239,77.88308524826,3
8.506870410785151,78.24878304878256,18
8.909578905100098,77.9954884188496,17
9.136830701720761,78.32251073280996,13
8.728668371619944,77.83436289325107,15
9.073907105657545,77.8524957777754,18
8.585155479736352,78.24894862683634,11
8.738245979302496,78.39954194765171,10
8.776900516953729,78.14886507926782,9
8.765200095548524,78.1576842908458,19
8.585120771616678,77.89147215250414,8
8.716150921980455,77.9711146191813,16
8.308182732335549,77.93570053247558,8
8.973241475653834,78.42384379632922,17
8.8090318330166,78.44767765574039,6
9.087451470345897,78.23010277622284,15
8.777615187265091,78.60271415109291,3
8.35041301733715,78.25455050941162,1
8.87975111735947,78.39565382830945,5
8.634444737516384,78.04526989271585,18
9.067261307321953,78.06064351567454,6
8.74706981452045,78.06088546521235,14
9.303800067611647,77.86589144408143,13
8.576456679150459,77.98978879700942,6
8.86156881502593,78.18226110240248,1
8.949654162888981,77.95025686048498,19
8.717421592796539,78.23908540584655,15
8.466750468629126,77.91484562185173,11
8.749943459318184,77.90332496559992,19
8.345263128952357,78.10318221749223,12
8.625386022612794,77.58940777746398,1
8.755470519763154,78.36979524452354,16
9.050210196868653,78.27654161330662,15
8.869904021695607,78.30402545885066,19
8.698989265585936,78.2859640651159,4
8.683593602108594,78.07132486056835,5
8.6622725652058,78.16100592945403,16
9.029896682224901,78.19744245001205,18
8.428853145088945,77.73721563903787,12
8.588282225665928,78.1504121978166,6
8.427640809033479,78.00572549501533,1
8.946409008211125,78.56171912293343,10
9.17856379030911,78.05207665330225,11
8.94349330075835,78.0685646088849,1
8.961548313659584,77.79487485556189,16
8.668702588000006,78.00221230028185,4
8.921963223579468,77.57143235581638,9
8.612253550392925,78.56478818738086,19
8.656244510573522,78.24591525753429,11
8.790590750091772,78.00824986377896,12
8.810551888677674,78.22603682484296,5
9.248078956169277,77.85983568198017,14
9.016627434633445,78.05460291744751,16
8.828944006289648,77.8229012556599,12
9.22736047746608,77.71730221403239,7
9.400827133655676,78.29107851882395,14
8.804987719549224,78.073731279297,18
8.895731926080556,77.66771724008326,7
8.490351128448792,77.8930528280391,5
8.841309238535036,78.42632552139851,6
8.630466424503135,77.91910620458441,10
8.328450733562024,78.25550001233033,2
9.047407932811486,77.91596493207231,1
8.82658896790876,78.16091847172869,17
8.582720260662022,78.23112446005653,9
8.343132419687626,77.93469766090165,13
8.647791859427276,78.066550540832,9
8.631464298499338,78.17703939295018,12
8.772367324517667,77.95805607836385,14
8.364215924611713,78.04766489665028,15
8.907373347969672,77.86409420164263,8
8.960351151021525,78.12615925566156,12
8.474488432153052,78.36903072959058,12
8.376313306722277,77.8091312388981,1
9.053620366927921,77.92355353300914,14
8.76275607648996,77.5890253751305,18
8.959910336750058,78.22795685628022,4
8.82762005241653,77.70017591186408,8
8.777943180855692,78.22558710489791,8
9.058711271838154,78.24262329530504,4
9.010103561794145,78.32747621842589,8
8.896178158933138,78.19219937638381,2
8.91331676930533,77.72270537669083,17
8.69147914496608,78.06692277990993,12
8.93858303744693,78.14897322502068,13
9.188371410806104,78.23318938743434,9
9.055979922009678,78.24267397257695,19
8.331949638264758,77.99317314248565,15
8.91295547916332,78.07289157520246,19
8.933501462264779,78.07533357206785,14
9.083182047279996,77.7834598581654,5
9.109511841996815,77.85831564367417,7
8.923905917639528,78.08198158308947,12
8.490344082972397,77.89047012666151,4
8.77179001057163,77.73431884077942,1
8.601577681448983,77.7202215131039,7
8.508539256679748,78.27376008664541,3
9.149209919531556,78.18866717396894,10
8.684013797350524,78.13701991316978,12
9.297336553472839,78.01822493825107,8
8.703836100363624,77.95452434918782,15
8.621439105020961,77.59593584022382,9
8.950458099172005,78.24845189956527,6
8.780360989308818,77.99826506616434,16
8.869424867172393,78.25538332694573,7
8.665205655358202,77.86554783233235,15
8.66516683995671,78.51188536333433,7
8.677667672035827,78.14686295578109,8
8.539454962635777,78.06976922928158,14
9.041580237440295,77.84514630232195,16
8.851457448661,78.14131517164361,16
8.838365914140088,78.25413281941724,1
8.966533651079345,77.53974957144696,5
8.889257033504448,78.06629118268387,2
9.366024332413858,78.07032853035463,12
8.906636846124545,78.21284059138384,10
8.28708876443418,77.68064393101965,2
8.676528087700603,78.30002941031522,14
8.566927624708049,78.28420528479795,10
8.91690285767573,78.29371319423929,7
8.696641840582833,77.93461052048525,15
8.92527158433695,78.38057513789825,5
8.629049875455753,77.89677120453965,7
8.848524558338077,77.57163713582676,14
8.668261387073338,78.17771061020412,5
8.715144725576177,78.08470785612948,13
8.856427316097083,78.40500453042092,2
8.912820168792953,77.8414195619949,3
9.157159292768254,78.01360668930006,16
9.082809585366864,77.99104988937903,10
9.03580358877931,78.3008264861014,8
8.907937256489433,77.82890921631753,6
8.677979614552132,78.41832758086812,10
8.955512981960727,77.9161509035753,1
9.098500563981238,77.98932694834697,14
9.098656991849204,78.1104735203296,19
8.804041016091352,77.84634822176568,17
8.714077981001806,78.19789032224615,14
8.997999631422294,78.16569936166049,4
8.191121523805892,77.9450936261557,12
9.199172654924507,78.1712894581795,18
9.106993963917645,78.17825947181292,16
8.72992637338839,78.2428077716994,11
8.717171208806265,78.3753119701844,19
9.319006874874306,78.204271113655,10
8.541357415993755,78.22121065069058,11
8.734507721387606,77.82417693246117,17
9.23803801016165,77.71661048459143,6
8.531718460729115,77.96178919419752,11
8.840420637106705,78.18185322804095,1
8.740272225852856,78.20380038773511,13
9.31510994692815,77.4685870629903,16
8.664227222420667,78.13295873864139,11
8.460796224052634,78.3814978972746,4
8.860496631098984,78.66490096046701,3
8.664245326839811,78.46030211034568,16
8.949307003866174,77.96963752770755,5
8.90843730124973,77.95503104535999,3
8.507571373457811,78.2229408317164,2
9.259968120062512,78.30223027167628,18
8.647334976589372,78.38084277982679,16
8.674035515437732,78.24938630586928,4
8.94442575036115,77.79371147515906,19
9.20822615088524,77.7520751844609,10
8.478499206561896,78.4647612748096,7
8.684418446035435,78.05868552375483,6
9.039239062891651,77.85782440821798,8
8.656829867560644,77.81691510134675,12
8.839333604706377,77.96425854388646,7
8.696570100472886,78.49846906455615,11
8.923698320583803,78.03913994911575,5
13.392131524178572,80.4976481981757,1
13.102565919793214,80.09154820375055,10
12.468278995198938,80.37821185778934,14
12.715018419761718,80.04954419808142,6
12.629804597090404,80.2279503892125,19
13.25046585519173,80.29696737571446,7
13.053307941728162,80.22598662556501,13
12.937239492812827,80.35834597295305,18
13.076294029168912,80.3800068948048,11
13.539093932303267,80.17232200694865,3
13.026358218498,80.16244928497441,18
13.182177820933692,80.61579675196798,7
13.257595289612688,80.24068139696791,19
12.796473443853825,80.37404225293554,10
13.241159939006845,79.95704404320604,7
13.329935330060756,80.74909499824938,2
13.35001354926825,80.41416941245281,14
13.063474041810318,79.79413903511264,14
13.334191663934662,80.04718472962631,3
13.22274839059143,80.12009756005348,9
13.116970065350793,80.727524243937,15
13.328940138590525,80.93109600202422,6
13.536071308143043,80.43290222553351,12
13.330833174770936,80.57395086115082,14
13.081420044516342,80.61213859932465,16
12.977950796095644,80.0247123173545,8
13.23180151614409,80.28182151362145,10
13.138570822034973,80.27811688454918,4
13.380651350250728,80.6455676883882,3
12.862363602068898,80.82415558877622,3
13.359259316813029,80.85413678847148,7
12.751084225866572,80.42473181127797,3
13.05622065875355,80.39660114851749,10
13.2458149650525,80.18913093121999,5
13.071912538808304,80.31495811771997,14
13.209710540789638,80.56649124890211,10
13.446416182743791,80.53830424416432,9
12.958205058240953,80.43778633016632,6
12.749017368926236,80.0889727026883,3
12.816262212413452,80.78399026203714,11
13.07781285760561,80.4181345550803,3
13.411471539523925,80.35024982580268,6
13.021543305261883,80.5246891554009,16
13.638983038007241,80.14078097626711,6
12.782173587172146,80.11670774572536,7
12.662829691713775,80.20818543805667,9
13.158585352319173,80.04771407754049,11
12.958317816519141,80.32927491010723,13
12.911872303935091,79.7913080457542,14
13.105322108879138,80.18053572884634,3
12.791944346730666,79.80799301877178,6
13.236363708597715,80.2355477920086,14
13.148876450036097,80.2465225725562,10
13.01050132676288,80.5930675287669,14
13.152733775882483,80.37167736978853,16
13.578071648153843,80.10569210060271,12
13.038510508100506,80.2031924520682,17
12.97732103542301,80.65804136286793,11
13.267933037210106,80.02759008694109,5
12.934158156915368,80.83440242635321,11
13.220331340726862,80.40511667690556,19
13.305347471465085,79.975990834125,19
13.449891562917003,80.0409360538548,16
13.019789956802045,80.50791013377997,8
12.769997483307955,80.48457862657445,8
13.035725893607419,80.40751754826927,19
13.144174231607488,80.32890049277584,5
12.945616585245,80.2739628553777,14
13.133007847527113,80.10523173121061,18
13.53571492392914,80.39714793290976,4
12.957295612537342,80.70446970730846,4
12.897846562575031,80.29240748119547,7
13.33460976427651,80.36558803522797,12
12.790244132857415,80.55652600112937,13
13.103226023432681,80.1697528235845,12
12.969063320851737,80.40298779995479,14
12.686663638861258,80.49993070626881,10
13.064299871365032,80.11644325717889,12
12.943076972542425,79.97531883976939,8
13.2266594325107,80.24338338184045,5
13.149970094949317,80.51377969095809,11
13.143849837312743,79.9328380189875,16
12.862872197424355,80.36054610833658,8
12.95860671613772,80.25352007181823,13
13.162820479733323,80.24408745983638,3
12.877746181025222,80.3753853667092,9
13.090413901618351,79.87598256250683,8
13.187465536557132,80.59776182414335,10
13.2872294595092,80.07728372801905,15
12.964899289051091,80.39076886502782,14
13.002004957780983,80.47565306878334,19
13.149060451625465,80.66525242644515,18
12.916841215409029,80.29140092901703,18
12.75422561441512,79.9344908895039,8
13.188368780551663,79.902292615266,9
13.034585505720177,80.61868815149795,8
13.233966803951544,80.16017779774741,8
12.956926478532058,80.20557873409163,4
13.121833482934171,80.01778581206683,13
12.648984925262962,80.20381106277051,3
13.251942188809183,80.73595946691886,16
12.965810161604496,80.3081402457789,19
13.065194100901772,80.09804512829606,17
13.0618450403325,80.56221503894103,13
13.01309663352824,79.6768140884218,12
13.11612906993267,80.29759121662521,8
13.10336922704574,80.21098766550048,9
13.154808533364738,80.23115198738137,15
12.785441268288318,79.9406629201361,4
13.292881375446656,80.2633414548425,16
13.068984011487286,80.20010594995044,13
13.18512206036192,80.06096345964536,6
13.067734456865535,80.19928131752705,8
12.833623402893222,79.81560775592251,15
13.732837158628184,80.84399078198624,2
13.131493585822495,79.44325424708063,1
12.705557814639201,80.26297597699171,10
13.076993822930216,80.2586122759911,9
13.00192281732256,80.15772016594559,8
13.05943779128688,80.24031923891097,14
12.69096455860524,80.45885276432026,1
13.107489269486257,79.985586767528,10
12.881841266578135,79.85623564304841,4
13.468924646163561,80.16674303633697,18
13.073286352199808,79.6200739098186,9
13.279726870792596,80.0809784866035,11
13.321029679655359,80.16487126232198,14
13.211606026718643,80.32293638066459,19
13.140592514033266,80.62280894803104,9
13.374450346294433,80.37444874639839,5
12.944580606552373,80.38580201459833,18
13.287088820607751,80.11840734436021,3
12.996096562372069,80.14736195534981,4
13.122784417026102,80.15327652554227,15
12.797496152156926,80.26795520690956,7
12.774029095778337,80.18919882910113,3
13.081077116609832,80.38056780587212,12
13.367941263436013,80.4548023475692,10
13.049320921994655,80.61977080233198,2
13.522457153566195,80.36890828999034,12
13.199366073017867,80.3807050384547,6
13.057931092568206,80.58950951182318,4
13.470370846196953,80.48015412416335,2
13.427242769398891,80.21021666838524,7
12.759557537490592,80.03927436402678,14
13.09045545517793,80.18024560010542,4
13.228284360818773,80.09301121137035,3
13.280179172017498,80.3295506090311,13
13.252241055697219,80.42214275217266,18
13.058793593409609,80.19843673358699,2
13.022365840085019,80.2083817815661,11
13.073715182125694,79.6372780841251,7
12.912593980680247,80.15756108062287,4
12.758903034544325,81.08425626136099,14
13.229355868632261,80.5805617486089,15
13.243998007764956,80.6327662514407,11
13.539059422281927,80.42157194889379,3
12.952347523206564,80.53175295070577,8
13.191434999804825,80.21392072018901,12
13.036413650119139,80.09679262563198,14
13.06356105360902,80.67172089111297,5
12.942125050622932,80.02707369822475,14
13.112025374512623,80.42260880165448,12
13.44606480229064,80.74558554955141,3
12.992217280819185,80.54164169607152,13
13.201292446880368,80.23568109105156,3
12.95098281027075,80.61954055580573,1
12.734203699647813,80.3541920314757,13
13.061018344174032,80.2665538011566,14
13.578511166164512,80.48515808999646,18
12.8961132145762,80.07981593118495,11
12.85837550043857,79.94002570801527,7
12.881115277432157,80.24143405263318,3
13.551768679160865,80.13665703436567,1
13.376340858416235,79.93595607557923,17
13.258427716084366,80.30786365158961,12
13.43857472637644,80.16463038576738,17
13.326659084870874,80.06183884850742,6
13.072941140064923,80.29591586867733,9
12.987471124884692,80.06302427581045,17
13.357166790763731,80.59018383889118,7
13.127869517163504,80.74489962065313,18
12.870818203432908,80.47539938956685,2
13.231020534733892,80.19312074530416,9
13.020136314918389,80.40247591100989,18
13.377672543834416,80.1327355567759,15
12.858070653189634,80.46659089884736,18
13.242015848415939,80.48049714431006,12
13.140043999763465,80.49671536222877,5
13.145686856977,80.20781730484352,5
13.169513087793147,80.4768311066719,9
13.051960267750259,80.4228932233082,17
13.225330323330326,80.36590792769105,5
13.17030483178467,80.32248048923041,3
13.12880781443677,80.03199435795558,19
13.401602850646121,80.40409245994118,2
12.764197190786561,80.22990210336765,4
13.246678928220845,79.97924832789853,18
13.155268653253518,80.12335625520741,19
13.225456422178675,80.40780206829143,3
13.250607228200714,80.17944719423535,8
13.264975369080723,80.15678669509866,8
13.003736482915214,79.78019440623765,12
12.93707175127559,80.5727759954913,17
13.217936728138941,80.02437092195004,7
13.468878727685606,80.31490400041835,17
13.04829029629896,80.18267085089465,2
12.846855306097645,80.36635931151541,5
13.35798297750723,80.43676624450053,2
13.323822528228222,80.19454758594111,12
13.383782342617183,79.98366988553396,5
13.168649530102352,80.14657817159882,2
13.633014649241032,80.16237977626703,10
13.245520696879472,80.41251153310115,2
13.390770729110223,80.31807225466306,13
13.312324083814636,80.63855380528375,3
12.696793365093956,80.14288046306123,5
13.320997934524119,80.4037707070574,7
13.370185361434595,80.14955322012386,16
13.442097761569586,80.15458276957031,8
13.025950672301327,80.19888733279964,4
13.446868964057964,80.14265718777419,4
12.883377225771122,80.4225097712123,6
13.283616557650326,80.46817631032421,5
13.053660621758569,80.05274256700413,12
12.886132331592442,79.94373551649119,6
12.946728334625302,80.49146462102505,2
13.472722414104418,80.43875281708411,1
13.464435517870902,80.6942433932838,14
13.04839829708195,80.17550095228916,11
13.15529607176081,80.33844810091152,18
12.866633384443503,80.30539838091933,3
13.46335335991262,80.5745595418839,19
13.452191113674912,80.51985358858983,16
12.846079602004135,80.26481147729952,4
12.740559950820781,80.33375931614077,8
13.646143458932427,80.26310880616461,13
13.393815972533258,79.72547149711814,6
13.251911738092007,80.20032021760791,16
13.046995541173038,80.04932300041436,10
13.059798445996403,80.02357825295795,14
13.203717709098608,80.5056946306383,2
13.514558145513815,80.01860407732492,1
13.025800389504102,80.28562871229971,14
13.471288764187525,80.2267229835998,16
13.009209230610438,80.0868930181342,15
12.831787695086149,80.35060966455025,12
13.19723078234962,80.7396311496499,19
13.383026981828342,79.97900438543111,17
13.42815612939954,80.72482628516521,15
12.922984317004238,80.1801596333305,8
13.575039783204664,80.94875934515949,19
12.944741885153354,80.22020217594414,10
13.294779796442354,80.28278423283915,9
12.89881544819976,79.66783638446402,18
13.280715526111598,80.65579315395647,3
13.155044365485711,80.19397004923432,18
13.141829220648791,80.12768394128166,13
13.41431930028705,80.54366760195559,2
13.377724454076318,80.88424492700132,4
13.366098705930678,80.5297553248874,7
12.671789848200879,79.96699936179698,12
13.188261887950913,80.18060984192124,15
13.539774048189269,79.80838137753564,16
13.07161760331348,80.48983810179742,8
13.597215777964104,80.24488020267545,13
13.440123663619596,80.25371360198558,1
13.093561598388424,80.45818220278913,5
13.124901227353272,80.50688916286994,19
12.6848607351349,80.07870111007183,7
13.206226965307964,80.24889903654706,4
12.953416576919556,79.80528761761174,5
12.807825874242015,80.37460412584012,9
13.579131844045111,80.30670592740765,19
13.000732379241695,79.96304291512375,1
13.698299034487793,79.8626133554938,11
12.750338105766422,80.3499557087634,4
12.77150689794068,80.1676114317234,18
13.307368782667938,80.41154086728751,7
13.369562563866825,79.99658595877092,19
13.730512903307059,80.47746973962361,6
13.03426744293018,80.32060287736981,12
13.15604373050231,80.14647673071677,16
13.52320689244463,80.29768628995528,14
13.117924621233602,80.16124475806426,4
13.287522784616643,80.01787192688609,13
12.76499517084486,79.99338986315527,11
13.488931325532675,80.81626948126235,16
13.96300036943643,80.80183017390672,11
13.004598525217991,80.12525594792821,6
13.913840742149139,80.25396588581584,10
13.49297184857934,80.7488809391344,7
13.45354931646131,80.32926757166862,14
13.258628587198812,80.65705888727047,1
13.23552209515183,80.84718261091788,12
13.33322704355269,80.35462502484243,11
13.270777945998528,80.40835487220711,12
12.615487538858838,80.6285522045091,12
13.26717032219335,80.24602612838319,12
13.66733447516868,80.6857620679395,16
13.363853596075648,80.33583867279441,15
12.833242812942954,80.90869243968937,11
13.106061452763562,80.30974116903103,3
13.525800395254153,80.514170837445,2
13.317290451623133,80.26093749770497,12
13.521199683841827,79.98240795817209,19
13.334750625464256,80.59748247176807,12
13.506606804021569,80.63053205486372,13
13.363774803461707,79.80000401330118,1
13.270338145375115,79.994286885664,7
13.384619872066374,80.40102763705477,5
12.587963877014047,80.24480748251612,11
13.020966036927842,80.51577746015232,13
13.419650917667697,79.7824766638128,5
12.782612037563124,80.80691659362384,8
13.482179360575591,80.16538881266088,19
13.231332774701288,80.31257763553683,17
12.952246085700699,80.37581433207079,17
13.228874406180957,80.72408234655754,16
12.942815561848697,79.93043195535559,8
13.393776362801818,80.33822181227902,12
13.543165083779712,79.98489199635522,4
13.18564781745953,80.55862878908438,5
13.6169418603795,80.21125916913597,7
13.40629121944353,80.41616156135845,6
13.368515738243447,80.20251146921505,7
13.353016616384833,80.83264950094797,11
13.093036721110334,80.11534118684206,11
13.226147188212325,80.44789698200768,1
13.249324144680957,79.74464146145303,15
13.219878799177236,80.45006927989353,4
13.094090040888904,79.91160239732412,19
13.117273435586977,80.75709986824162,10
12.774182492852969,80.13105203776972,6
12.89922346415185,80.05109729166527,8
13.090316342251313,80.3734785446067,3
12.867369648718991,79.964889605376,2
13.295956760669702,80.09064388732698,19
13.553550654415387,80.36085709476508,10
13.078656646804674,80.15727123029262,19
13.494924085020486,80.53570147987358,8
13.53400618384346,80.61362792476643,18
12.855794675598212,80.45674098483144,12
13.200245991360829,79.97389207599213,16
12.850825123880453,80.1055920708023,9
12.569081643516927,80.0333941594206,8
13.310287292883817,80.23203335340105,4
12.877260523075353,80.41041984291837,9
12.686886600646094,80.40046549678209,1
13.23901803289392,80.76503971662189,11
13.091403323036582,80.76541618143668,10
13.111130095659885,80.43457322297976,9
13.290309279501153,80.46781527263406,1
13.506322960127894,79.98842927466887,8
13.190180067739936,80.54819172064809,17
13.338636499299154,80.43217366337316,13
13.16818697342807,80.41469671946422,1
13.085432134325599,80.35146386760876,2
13.338239661158912,80.69610989288853,2
12.968380241586168,80.77918430083668,14
13.130370380624461,80.33625468322192,4
12.734739497711821,80.44995215266619,1
12.761377267256957,80.1540723860555,5
13.268288856427255,80.37275414462378,4
13.458353888540756,80.47239315843171,5
13.1583249465536,79.88019328650368,3
13.231350632856199,80.05899578682023,1
13.533313821351182,80.45963730475559,15
13.276931188143033,80.3641012446237,16
13.364760384089271,80.35272642722066,11
13.132050861071946,80.33112480374938,6
13.143711921241291,80.59249624254038,19
12.743026607789087,80.53994451454264,19
13.680629248743037,80.18759349719718,6
13.386358214120083,80.63043566767344,18
12.783178771479262,80.30118779356789,12
13.188410900413809,79.89184164828816,10
13.624173398133303,80.42187053626522,12
13.1026388663192,79.94364274868074,17
13.544579923108744,80.46143280838615,1
13.977687937518924,80.13463370273045,15
13.17977505584972,79.73535194868266,12
12.937606174369703,80.36347255848693,18
12.845384167324196,80.6964597070691,5
13.457370636909078,80.1698936992078,1
13.20773895909204,80.40359325350295,6
12.958668721679553,80.36351272516275,2
13.231045137557205,79.75614224563849,12
13.230956847888766,80.35657317257186,11
13.637607297368998,80.44573875179452,9
13.605309509645929,80.18945243676976,12
12.987057728703531,80.21251541797899,14
13.317642988989723,80.21607655149242,7
13.062616347202816,80.45348286557555,17
12.986076983644592,79.9569692650835,1
13.347111809535726,79.89421684498336,7
13.108015053810082,80.47343707278262,5
13.303708095887,80.0784699441323,5
12.9303662980815,80.53717564320253,9
13.562147721952975,80.3457743476674,4
13.151510869514128,80.13601371226808,1
12.788863253373425,80.01333964231716,8
13.400718724266456,79.46749222387615,1
13.573283495049456,80.14034920743839,10
13.219126620826936,80.31309365685914,7
13.347133427653947,80.36557856766963,6
13.051795425931184,79.8965759917504,3
12.757156352561342,80.13149527651771,10
13.310780778982025,80.63756928687474,7
13.204093999505847,80.86025838855022,8
13.395410414408333,80.47254209498526,2
13.019906448254206,80.30313518895593,8
13.121494603348832,79.9099087844363,10
13.177631952759414,80.30603014691418,14
13.298537406433658,80.1587292180756,5
12.92761308264812,80.70356476289875,13
17.286754603485207,82.09601026862462,7
16.75492762300124,82.71898098458664,2
17.150726160551425,82.62290872561495,7
16.82403041153302,82.3436589335087,4
16.412814596854467,82.08016032463848,19
17.213054076423376,82.33116790722178,11
17.173071595514724,81.96683931467152,12
17.35120671018098,82.3723126248856,17
16.61418903189332,81.73719760686689,11
17.021014719180954,82.00045948616464,9
16.92423221802736,82.36204103677531,18
17.2659803704303,82.61819525769614,18
16.632681859645235,82.36174370851761,8
16.916671728590202,82.19016637693304,11
17.00345939427245,82.02887596997977,19
17.16539849393,82.14209603894172,9
17.08366183809942,81.82818278146843,17
16.971925203517024,82.17074732886223,17
16.902278062079773,82.82064446897455,17
16.957758358746393,82.30179187147048,17
17.16800193610939,82.37431895705922,12
16.773586823277174,81.80508011524661,2
16.921453270379985,82.62130707005915,3
16.92150473882323,82.65027522028285,11
16.458396425111104,82.32375845041841,4
16.49096950454798,82.4235779055718,3
16.607154591792895,82.1028118631315,8
16.92670172612483,82.20096920320807,4
17.105222381269655,82.94338307164041,4
16.825705383808412,82.15305596272809,11
16.573813971795314,82.72756213920223,19
17.215978136250136,82.7834734644129,5
17.050093874429148,82.38058974962279,18
16.923775327477458,82.23988359007078,18
17.040855125422617,81.93877258837928,10
16.716273226181293,82.40472061723109,4
17.238023384108654,82.27377401213361,10
17.059699298477934,82.24345412104415,15
16.943095831427907,82.15066216481718,7
16.89493155457911,82.34528456412205,2
16.997827321558365,82.38683204132528,12
17.100629892850208,82.26165534895365,16
16.544329412832305,82.5642715802267,15
16.784360820504055,82.26525610713298,12
16.897262226063248,82.23247792117469,10
16.887235672133727,81.98902211986703,18
16.80200771265975,82.21753177473792,6
17.174389919324454,82.25369489925681,14
16.807387319357222,81.655623369171,5
16.712642668496915,82.39820723225341,12
16.862961510997994,82.4989247168741,15
17.35658542981281,82.81989887638017,9
16.983334592142587,82.03752544107216,13
16.859450801745833,82.24288286296753,2
16.897421853614862,82.38343584538273,17
16.541929711935673,82.25619912039706,6
16.93313843613869,82.08283150936823,19
17.039252962040322,81.90269964277711,9
17.089473900706654,82.28805165256279,6
16.940304763378002,82.57753936250229,11
16.793241957658193,82.27122376614079,13
17.206123206768645,82.25456192395008,17
16.886421917631623,82.36646913635168,6
16.734727172956536,82.4585153889921,16
16.78772513345059,82.35211335393389,12
16.895782837072804,81.96068577029017,17
16.906204553650845,82.38477698673535,2
16.844632248533244,82.11315673245667,15
17.057885331924172,82.09008048777983,3
16.958111896960308,82.00000319976937,19
17.200900360036833,82.24836297354456,2
16.99963556397327,82.1355241649098,12
16.890922340419138,82.1967120697884,13
16.853447563672567,82.02061701108126,1
16.880261147703855,82.49381774133924,17
16.71079510752401,82.17218320533009,8
16.920892569121847,82.08840917445595,9
17.09980384430567,81.84760022672164,2
17.174442372491953,82.69055395840809,12
17.024721020838292,81.88139538398187,18
17.82593435656056,82.3417441492615,18
17.060932972664265,82.43548012862729,19
16.546516641926317,82.17309785954765,5
17.083606925487977,82.37480263379288,14
17.262627716873336,82.39391633278098,16
16.913610765203277,82.48015625495027,6
16.61391380035898,82.42091159683797,11
16.527506775185422,82.19172058814446,3
16.95592343261634,82.1699349319331,5
16.72643744456829,82.78228216250778,17
16.927585781427904,82.54342363755379,18
16.886137385939083,82.09550318811388,10
17.346916988114728,82.35251441728686,16
17.189153142992993,82.36868489848399,13
16.838984751552598,82.26540966874627,14
16.87605580436423,82.70907917082553,9
17.212597415536226,82.24416303657763,5
17.009791963132052,82.2493939227951,3
17.059195650113555,82.47564985641492,15
17.275215214648693,82.03378486839544,9
16.787076201245657,82.13817329918277,9
17.217961082420675,82.63738226009457,8
16.88149657239615,82.26264468314838,3
16.41886247527303,82.06890910912908,6
16.687998078749406,82.31371755685369,13
16.74802735683506,82.30579219211143,9
17.315117493458345,82.60414699074951,16
16.94871846959237,82.54194421989821,13
16.903955385765816,82.32118097842975,18
17.353873988153133,82.6844594002797,9
16.785454350839295,82.58899787247003,8
16.881276315095565,82.35938264129706,19
16.987534686262716,82.0583739791713,18
16.966871245035858,82.71775439675022,16
17.06434656276152,82.58706304930499,11
17.116974127746953,81.96718959753765,11
16.772712040562215,82.12132239571991,19
16.51212448791756,81.93659120278689,7
17.07917838764813,82.00159030544481,7
16.517006969008044,82.58716468983994,8
17.060582440427254,82.29251208445767,8
17.163325560024116,82.1038453348596,5
17.261378304462273,82.45896411364842,15
16.947450416628804,82.48018516426777,15
17.48193491124543,82.60402017894909,8
16.632284038627414,82.42248387954102,9
17.34388284582694,82.43010314259782,5
16.788313846530492,82.06424036914447,14
16.989013686707104,82.29442268027353,1
17.019224355218707,82.26221497447457,14
17.316995901406855,81.6832137541601,13
16.70560998417328,82.3594675345495,18
17.513980691823768,81.84296323080044,15
16.444107523334097,82.45019975719502,11
16.960025703340467,82.17355063895043,12
17.12345898015086,82.17783809473742,6
17.238309094545663,82.14469167379313,17
16.622896386933924,82.11755766703686,7
16.487585793585595,82.21283407662031,2
17.30780594366297,82.50184474409131,13
17.040821963121555,81.99893509481998,12
16.503754768943818,82.27279329133387,17
16.852626978377046,82.79782992134334,1
16.79534399653962,82.10210908549209,8
17.26357541364858,82.26597274357765,13
16.8894529053058,82.48038399811695,1
16.934306811347486,82.81613369015759,5
16.9160955151034,82.65797593065085,14
17.397811164795588,82.2349030919333,11
17.206875410779848,82.36819538738975,3
17.152814888271536,82.21799654333243,15
17.03062204569208,82.54310958976923,7
17.02809036244731,82.24015886814476,16
16.75264208267368,82.69557331642866,8
17.19773814798016,81.78738144335522,11
16.886035482531963,82.42333011633119,17
16.65978282000898,82.45696123604625,18
16.943220634974743,81.64036675455336,15
16.98333922638003,81.86133311387424,7
17.31647825424127,82.59863749000877,15
17.194127664187846,82.3997901058409,10
16.733033625847547,82.46799446702448,5
17.239630943107446,82.68967699214345,17
16.330960510749797,82.18341448054667,6
17.084129598343836,82.68774332338958,3
16.807983324364823,83.00141104739029,11
16.628968892364046,82.58638215669592,8
16.68510635947488,82.3783081501349,1
17.346270443233063,82.25608878026219,11
17.09293758739269,82.32250727100622,12
17.074430858751175,82.3138044011952,10
17.222467782260622,82.27686392625522,1
16.921369014388542,81.99450335555132,13
17.32446485529563,82.37660605278707,19
16.924466403596103,82.3281374337058,16
16.192541781127865,82.61143936225504,6
17.38195184121252,82.41269549518935,3
16.242653013477486,82.08716028159469,10
16.91333913001583,81.99592603597213,13
17.168224537446623,82.26859350823504,19
16.392427433412163,82.0529250166273,18
16.943636925044718,82.306237001872,18
16.93933303024704,82.10083564600365,16
17.20939859182481,82.5894294693043,10
17.100741360077084,82.41642614475454,16
16.64494562400646,82.5181722385777,6
16.817769042089065,82.22884403323611,14
16.711914989755787,82.31957255117221,15
16.51580327643977,82.49941860858452,13
16.817275570960327,82.36148445211889,8
17.350836424841535,82.44708864085257,5
17.091189584918506,82.09980948665147,4
17.086611615567286,82.48444738323808,3
16.677450967393636,82.12376381175288,15
16.492376122457188,82.79150369425079,3
17.122081492060406,82.31872102767328,19
17.23234671208417,82.54616115565207,11
17.020766247046925,82.15951880002838,1
17.169904533635087,82.21639885192816,8
16.89642446149123,82.20410931105829,4
16.993926272352088,81.82994039105859,3
16.79960112860735,81.610862252217,3
17.076505656256998,82.19794780925805,1
16.933566856318688,81.79790665425028,18
17.131400092417202,82.34152068834153,6
17.175582178087744,82.23023493888284,19
16.89168182838275,81.5653865691096,16
17.108438805402944,82.13690396323018,17
17.622229419346457,83.07363301346369,7
17.613249722375507,83.55099919547679,16
17.598210629376617,83.44158095411983,1
17.758205064443434,83.04841685024704,15
17.68890034544718,83.17868016606096,12
17.80011779254176,83.64108632790567,11
17.862156794392785,83.09063304195496,1
17.70269411663543,84.07675327677046,3
17.51934203825896,83.4273304630586,11
17.513741894878482,83.37417030828342,6
17.615172253704834,83.53487487341701,13
18.24441488966619,83.15417016890159,18
17.364549037113616,83.56529458087425,14
17.605435975252732,83.48390448101246,14
17.54853055702793,83.40500925755185,5
17.38819444607481,83.42301672359828,12
17.59435177414161,83.7788278287917,3
17.730298324330963,83.5829712344283,11
18.058779429985073,83.13858244809097,1
17.542221368806203,83.15843272006398,16
18.156381398142386,83.54259182091126,7
17.328174542284092,83.31991410598269,3
17.794852296635003,83.3599984440973,3
17.47033630679062,83.2500522217446,17
17.787363495224184,83.19920167396447,18
18.266439036049807,83.44655369416196,15
17.625444216738646,83.34049309337004,6
17.778247092896354,82.9985397300827,3
17.791187307491562,83.15625438777853,16
17.685580762107826,83.56210733211118,9
18.280860855193623,83.22324734415876,3
17.73063034281714,83.27204206902891,17
17.696053542592843,83.61224068970276,15
17.518852282668185,83.39011883637389,10
17.46219761247653,83.3053374778482,18
17.996797053384704,82.91963469809798,1
18.143303426397754,83.41693278521016,5
18.13282566200913,83.04998030779734,1
17.820306339234378,83.44308741176343,4
17.53619464379126,82.82874652411034,11
17.443446122090585,83.01229931066769,13
17.73126060231361,83.37241745826216,10
17.854303922913623,83.61531384353242,12
17.669809984034003,82.76306511426561,18
17.44347806455621,83.37321740472238,9
17.56354577075779,83.38977211165259,10
17.86620804332729,83.57614687829287,11
17.779204390967397,83.47287871842133,3
18.020634099584,83.14864849926732,12
18.07250165051121,83.02667039239554,15
18.374793257674796,83.06297587815652,1
17.584374778043735,82.79861404772697,9
17.933858929511644,83.02277081140238,3
17.448962861043448,83.76359442129042,7
17.79183587491031,83.89523003441064,4
17.69143200328549,83.07754218068395,2
17.706229472955417,83.24430033426275,1
17.802137220890067,83.63561135094501,8
17.43576937002884,83.15220824219887,14
17.27381093644845,83.85244335795768,12
17.569771154930134,83.63357129215144,1
17.657918742309953,83.34314725599258,14
17.720854800116847,83.36785298060754,8
17.546744354101655,83.61989856754033,8
17.514486743819578,83.30217725007316,5
17.73268434763,82.91014308691283,12
17.880189757334424,83.2436358488152,5
17.65151733034061,83.6490786823147,9
17.2076000437022,83.23394897412844,16
17.483267623346258,83.45310818430008,4
17.40479854037103,83.24214141744686,6
17.780755509156396,83.5991321394952,4
18.096973752570225,83.37910910020572,1
17.553657724694894,83.59489189346809,13
17.675284654033284,83.28811680785314,13
17.26669926888795,83.52553994134733,17
18.14605360772834,83.15662520473084,13
17.789869599415123,83.45864959519854,11
17.3571397684399,83.50518386631765,18
18.271108078824117,83.63070739946163,15
17.56735819021223,83.24850958971254,13
17.471574195240716,83.27192485616523,12
17.88820044642124,82.94516150218152,4
17.648361596391766,83.58392734127985,1
17.83338187154424,82.94419879353204,1
18.21209226133722,82.65301971462985,12
18.23854251396764,83.30991305906556,1
17.734818829645903,83.15674934043214,14
17.602264299586814,83.54703237924687,1
17.33192319644459,83.53946177210267,9
17.20279515261162,82.79434158159238,16
17.942094054235312,83.53184409577585,12
17.675409886925692,83.0345136553564,16
17.545814449505443,83.3808902459253,9
17.790087619405753,83.78807887519525,3
17.58549613160749,83.24116699959926,11
17.831736446555688,83.47321077566342,6
17.70154869087295,83.36562676256213,7
17.3589646570399,83.2110419984108,1
17.50576157593293,83.25533646855058,19
17.86415632270461,83.0629748970948,6
17.528244652350235,83.21771319021931,3
17.507819516193045,83.60042677620443,13
18.098970320482053,83.43756843020536,10
17.721399826799324,83.4126303277565,17
17.906802199873212,83.761876902817,5
17.996853394150634,83.64378578065802,9
17.826155462636486,83.31398988889504,2
17.501945441764565,82.95710863937606,2
17.8148809031103,83.15872701702426,17
18.309679847462466,82.89440265436198,18
17.571242609944218,83.24056607021659,2
17.964304722275198,83.70344544686208,9
17.959342527496602,82.98976978749216,8
17.519797168444388,83.43523674524052,10
17.287498765095503,83.10222835276451,6
17.66929976627123,83.23797160315804,8
17.36980448287144,83.50922361186888,3
17.00021332159772,82.86536315470667,10
17.524574611613193,83.46707618989711,5
17.7246132294298,83.28827047518537,2
18.120135818001362,83.2345539561579,13
17.421530157576267,83.19622946824276,15
17.658888830650298,83.35765414690478,1
17.866463354379157,83.52038155458692,13
17.293916421703972,83.24502925144007,13
17.673997840742473,83.41496520645954,7
17.628207253464662,83.65935595666319,13
17.26217232232948,83.26528080368571,7
17.53396059696904,82.96025859696427,4
17.356955837215622,83.48955834545272,14
17.783581177162134,83.7647112454748,2
17.660783027741925,83.3806989249665,15
17.694563841027705,83.21311715218077,5
17.659207428784537,83.20023849085685,3
17.584334519860917,83.15401260617341,16
17.73051512369746,83.17831758098399,17
17.76243001585612,83.14979671306861,6
17.51685220551466,83.55535696752199,3
17.833222117345173,83.40818342771801,6
17.32946718573974,82.87030440651206,1
17.796926246885413,83.41267233885299,16
18.040602257983927,82.98327378400755,18
17.719890172015198,83.34756011274916,17
17.330578326400033,83.39520921150346,5
17.606933819535087,83.51559031773984,13
17.673943764722566,83.48955942395344,2
17.21184483585235,83.44518407784363,9
17.824121150235225,83.5470181409424,10
17.987651655565138,83.43164622487517,18
17.973886662153802,83.3123510027852,18
17.380398220565368,83.13148626404836,19
17.826408163033573,83.17810089925277,13
18.139238001196155,83.1607771885736,6
17.542469957128294,83.26444826407828,1
17.913574954124527,83.6031209869058,18
17.503488880545184,83.4452212205729,19
17.906719007284355,83.11387421532007,16
17.45139050259944,83.38046629653401,19
17.72760975217833,83.47608967650419,7
17.907142490252106,83.24557570723013,6
17.807718232091247,83.40726471478537,12
17.69443023691327,83.06762007998802,14
17.769569694064895,83.26040215165494,7
17.82007215835753,83.25956036953997,17
17.50498562838974,83.12178122035732,13
17.23526253193636,83.57838431724238,5
17.382273432251765,83.49940967167193,6
17.672599329660205,83.3860447297162,13
18.09798701835778,83.03586848640036,10
17.286983792439237,83.64584437728789,3
17.381044496715724,83.32804749562625,3
18.125642815113924,83.30002406752924,8
17.70756104833498,83.74221761947035,7
17.480099000421813,83.42813411951592,18
17.664250131809883,83.21377410588754,14
17.54944545741899,83.16992594925955,7
17.60089163607059,83.11962520791785,11
17.764503655519903,83.38192143971753,10
17.646628965624057,83.80352707796412,10
17.835291213709258,83.29065910648079,17
17.50370626287855,83.05861698370771,16
17.849400408594768,83.1200633635379,10
17.62632826211248,83.1662409513034,6
18.078345512783436,83.48935890953943,1
17.964408341365655,83.42509126351851,5
17.897039004027427,83.31762238908014,12
17.71166747218215,83.53643275393166,8
17.577330649994092,83.56189115228231,6
17.50351633519057,83.22912281445885,16
17.522773432665026,83.21477654846534,10
17.866644350956562,83.54446745606293,3
17.626842512654477,83.55555583283441,6
17.934555699642676,83.24379653811098,2
17.732034088186136,82.71936086964975,4
17.570484956647498,83.53964386205253,7
17.67095305162346,83.24773929125234,12
17.692108409323932,83.01056150951611,10
17.66292496110655,83.52838729537736,13
17.406139219132754,83.57714349699249,19
17.637207664034413,83.47491609329893,8
17.72046831848981,83.49337257983976,17
17.543782746930912,83.55822980351051,8
17.707166738222906,83.19387663665144,18
17.77224660161535,83.57963994707296,8
17.84043685295962,83.22063728599367,16
17.703937534814187,83.0418960292049,16
17.48580282491614,83.41738892312891,10
20.17577706759776,86.45177918750365,5
20.152447528453646,86.23264273785185,17
20.289805896175384,86.5663217824722,2
20.49019409044999,86.36116222385263,11
20.054251395373374,86.58610723570432,3
20.541110869886687,86.5214899868483,10
20.47993969723062,86.44383493790411,1
20.398746569854175,86.28743810520942,7
20.505227239721492,86.9644434706243,13
20.338392347965826,86.85065678973112,6
20.687981847815415,86.38160739240993,11
19.94137558799425,86.62646004321068,15
20.118039801556797,86.69360352656452,19
20.18532295822028,86.71598897164557,8
20.24970754311483,86.68553791539831,17
19.99645530297574,86.65199675576943,2
20.2597599064477,86.83132169975941,6
20.38676219652947,86.13587549811675,12
20.270926538799262,86.52867875610944,1
20.079039878460225,86.96364787803815,19
20.209593226784637,86.3072878408468,7
20.18842304143604,86.6254178902055,2
20.36079125230231,86.23459071962829,4
20.475347920087774,86.60458943560549,18
19.915733103646026,86.21595268970374,14
20.32836528615185,86.44697812835626,17
20.028938123539955,86.45182855504994,19
20.326163586465263,86.79272230417202,6
20.865191113454735,86.45323136622996,4
20.111644614585728,86.62997686975098,16
20.15212214256612,86.51999246744647,10
20.367839202564962,86.99751210011983,11
20.544373542300203,86.22004799956538,12
20.482446685056637,86.1068497663283,4
20.6619294260215,86.46195932030132,16
20.01711902609967,87.02671332158823,15
20.1946678900917,86.37599068351902,9
20.2356707830887,86.84507038318827,4
20.405773427678405,86.60325401336365,4
20.09294970564974,86.74306003071244,19
20.5576572584642,87.02548858290514,2
20.306807101686527,86.78236466774845,11
20.30084743302365,86.97569550890765,3
20.062704664306455,87.09618517427752,11
20.550566960847917,86.59840087195472,6
20.37776606973758,86.58031691974523,2
19.972945002446945,86.85302852719136,15
20.355355327078982,86.34275603489664,8
20.35849336285156,86.55362765034512,9
20.55116905404774,86.87856506319092,5
20.31565062485392,87.0246975867229,9
20.43043865982553,86.89705963910379,1
20.22298305251149,86.59346605144997,18
20.030829508010633,86.76324426894418,10
20.189645618286196,86.44276319776361,8
20.567013101249216,86.7397663043698,17
20.57469036512388,86.30581339261035,14
20.027562550827497,87.16983006696658,1
19.908099158593753,86.9177851502392,11
20.142284008265953,86.6936691706079,9
19.956463254339244,86.4895041912589,10
21.08311235015314,86.90724325314315,3
20.437293529246606,86.21456293077985,17
20.526034410350558,86.30048245848035,11
20.543576200687447,86.33118985359076,4
20.149155599625182,87.11518294040985,1
19.878150099019116,86.27539423470789,18
20.557946777720282,86.31043957414407,15
20.17862045707377,86.99778158967618,11
20.590224514063877,86.36872614236361,17
19.825163384393562,86.55044184299604,17
20.15189857551343,86.84152730912619,18
20.251159277039534,86.34559353660279,14
20.381395819901535,86.79371084337593,8
20.187776196872477,86.54388934050536,4
20.34325395064857,85.94742190573659,18
20.20816542652565,86.54628171569723,11
20.79414724370446,87.0840000818903,9
20.451821092445456,86.21753258392204,8
20.771902209569912,87.13190787299304,12
20.411978305187926,86.62148462289221,11
20.461974108391736,86.41578368174726,5
20.049195009404503,86.52093359465995,10
20.44797695665336,87.08586067718191,15
20.254658122375943,86.28477677520776,11
20.832497487876275,86.63786720557128,2
20.239035051839817,86.47900267497656,10
20.673840483290657,86.65234398225437,3
19.634449520423498,86.701440128618,8
20.282797816742416,86.5379065236792,12
20.311145304920966,86.67565675695926,15
20.357582085104305,86.52247895660369,15
20.307362475697484,86.49792401328988,7
20.712844616450003,86.62360073670649,15
20.484349851114644,86.60562903175587,13
20.316325246830914,86.56330857083864,10
20.479636004934395,86.76622311775444,19
20.129532701300924,86.8281330106804,17
20.22318193643339,86.86109417918225,15
20.26476626384556,86.36162309190298,3
20.429203952050692,86.58998350702191,18
19.693651800039177,86.14974095186585,5
20.396592292248933,86.50804508881858,10
20.15613542098243,86.53329702712442,9
20.51859087612276,86.62806112993037,13
20.52956768678414,86.68711136582915,2
20.293764724074066,86.49463725979284,10
19.793316465673417,86.5228770370519,10
20.240204329218326,86.41859533571265,14
19.9856309204616,86.25803576838821,8
20.28285453771469,86.7004049210996,5
20.339525059761613,86.8011853597481,19
20.27074927242138,86.25007973603921,19
20.2296738942048,86.3186133341329,9
20.29727413576368,86.49317512259829,11
20.232118784711194,86.52766454001488,5
20.639825757996675,86.57783474784043,9
20.51514124748541,86.88280176757706,8
20.13658737488479,86.33841612867604,11
19.914265631431658,86.92849000086858,18
20.676261478288314,86.20318984595302,8
20.406083409377164,86.55596940555866,13
20.08142743534463,86.56021967505633,11
19.880754790046502,86.95345124963754,6
20.250316407538886,86.45500557394597,16
20.303666007015245,86.53479700918375,18
20.392967826413837,86.99608919440398,10
20.560154998594076,86.7594041018543,17
20.24217143500635,86.45820249908981,2
20.135232030133505,86.91157970915802,18
20.488593705086874,86.4561035985184,11
20.204482272136413,86.34804942338256,2
20.423266832729993,86.85810686356358,2
20.202936513759706,86.41332119480862,18
20.39030579363811,86.47236507525031,9
20.10139903108432,86.80016848266736,16
20.43897326571197,86.84463615065826,17
20.490479246044135,86.32066673624614,10
20.475002350159308,86.85683373243408,17
20.28948636832155,86.40808383906237,6
20.33798222132127,86.23024167892446,1
20.26779257856959,86.57040944053732,13
20.22492921463334,86.44095262730552,6
19.907030906847407,86.66883426247516,19
19.846374834062285,86.77907170230104,6
20.21930784969452,86.58972949701861,19
20.089729446263863,86.41418175177833,12
19.94099061823097,86.66348833761145,11
20.284088647356867,86.42212149349052,7
20.767712704619544,86.7266305618625,6
20.023522373621102,86.9208139592122,15
20.70892502055326,86.73229264341279,6
20.13843868741305,86.35924134315391,9
20.464394025726175,86.90892802863856,18
19.99483232250794,86.09199611963167,3
20.634379262404465,86.25031630075523,2
20.242833906924,86.56226502156797,13
20.60651903299983,86.65134546706759,11
20.31210180524559,86.64587073923431,5
20.11892744631675,86.98624036951577,5
19.90014530229942,86.54340133824559,12
20.538659529845027,86.61268771719706,2
20.331731897716484,86.32444980198954,18
20.247052242924966,86.77553637327065,10
19.938199864807217,86.2505236823986,18
20.35096038583785,85.9345800038876,4
20.349265846235365,86.58971408746694,7
19.964868547988132,86.73764825294762,3
20.57829976681469,86.97070567180391,5
20.02295221723465,86.48258909961915,1
20.19603743262125,86.85137049557801,7
19.767586010216295,86.54665909853766,12
20.284493625674948,86.87018846160008,16
20.125127800106004,86.62127977897322,7
20.569507833833903,86.90123874852152,8
20.100399185638217,86.93099762585047,15
20.19009913800904,86.5593066430751,6
20.66355922647199,87.31188494355138,5
20.40042729288531,86.89308093498785,16
20.19320658097384,86.4671025738862,12
19.948485698112183,86.41355661276953,10
20.311663592182263,86.66445233896486,12
20.13242045977682,86.51864080626987,12
20.230931367712223,86.63189541629698,2
20.292093237883435,86.52485460925406,7
20.783475820688327,86.49290299771734,5
20.108710458618372,86.59779077259391,18
20.328878720439256,86.76151249643921,18
20.03196562366235,86.54231393410399,16
20.559119450245664,86.76404777391025,2
20.23495388072155,86.29293801152483,8
20.006392780253325,86.80271297555686,19
20.209542097857845,86.44954089281661,6
20.549656351906155,86.6431692484667,13
19.951700938589394,86.31005796622358,7
20.54436498030065,86.20351973740074,5
20.092579909479653,86.57531279063144,17
20.341993570649063,86.10728636855079,4
20.62087832650849,86.59996586351525,1
20.36458154719717,87.13654209481366,6
20.34120832755916,87.09276249045371,6
20.255465523889995,86.43916598331153,3
19.96176555909514,86.55252804268959,10
20.358161333875657,86.89440126223667,11
20.381235044040796,86.8734630040829,14
20.238785233248144,86.57999349700717,4
19.847887264454833,86.59749523720758,7
20.249523669098142,86.5859518306538,10
22.487838820025786,88.1849299266022,1
21.857729814788744,88.23120943426598,18
22.283151503083985,87.65376974515827,9
21.886641444251488,87.84234366886976,12
21.845730598970363,87.86883680816032,12
22.17292150313026,88.01507701012825,4
22.11766031829549,88.45237958103966,4
21.73954315089149,87.65954236025574,13
21.772042066106728,88.21403508120606,14
21.748359616733797,88.31736904325095,5
22.260844830667367,87.95245082537785,7
22.340846653243204,88.1470319254398,2
22.212335605282757,88.2449371530023,6
22.027297621872453,87.93647165876995,17
21.92314829558325,87.85176316228487,13
22.099614525422517,88.61824558908022,13
22.106980126675314,87.89076961590592,18
21.868339339996645,88.11975570937871,7
21.861541031085718,87.83544366435636,4
22.041847058855673,88.33073533283947,3
22.17478152642454,87.59921082768781,5
21.76526987956095,88.05580450701277,9
22.21368837504534,87.9956548049111,10
21.97476285557707,88.05801654784551,8
21.89848278214628,88.52363951937072,1
22.12564601630085,88.1321719227791,8
22.04582055331038,87.62399504216712,11
21.51670165011182,87.9547978375606,5
22.37420325279058,87.96395724248056,9
21.91137269268244,88.47585041720168,17
22.033805199499437,88.00602283314561,1
22.125495586114617,87.9940673475536,17
21.96333887424393,88.26225744059316,6
21.75638610514898,88.86210564492808,14
22.14803132628137,87.54939936256274,14
22.015338307653156,87.94465028255658,5
22.325631960271423,87.84740083630402,17
21.702523241795586,87.95829402314862,4
21.992268691981334,88.10858127658598,9
21.940308621180293,88.60274574096196,7
22.618683950702824,88.41630977486201,5
21.766442279866517,87.9510144869391,14
21.957114480316047,88.42987360221758,13
22.051249466529992,88.27087509903517,17
22.137197340961308,88.42096632462568,2
21.54111943417319,88.47085440949091,2
22.021386612072654,87.69818918922721,6
21.98492061552614,87.93817169146227,7
21.99598092663681,88.18184806089744,16
22.32671104047316,88.04479121101345,3
21.89181834228156,88.25207257041252,14
22.06391072545177,87.8367559229476,12
21.872683218514656,88.19884178066893,18
21.97950590268022,88.01533361746729,18
22.03011123405383,88.11646264557982,14
22.156965583980025,88.5781940870752,2
21.586364679723648,88.09415714568092,10
22.517339714204663,88.24139298253357,19
21.94893753221742,88.01376875910744,7
21.47297128786309,87.60373754895437,11
22.481197739216,88.0949377112657,8
22.043086630781115,88.24765575950293,8
22.067277341060517,88.2730165937603,4
21.70063212415961,87.97423691133561,12
21.53466968081759,87.91769558915855,6
22.276832825494026,88.54844987955519,12
22.17096556953767,88.6494724426342,17
22.09657312323163,87.68054797165638,13
21.718257643042392,88.13851896126383,6
21.84204280470354,88.22985909798203,2
22.51159543159401,88.20988059135242,6
21.676338954829287,88.29660222762644,3
21.63337207359932,88.200605000718,9
22.07553065133667,87.73028631345106,1
22.07792660965281,88.07373020668268,15
21.957661912125527,88.17199191888834,1
22.002033456043044,87.76239946706882,13
21.789691703629874,87.82333766496023,3
21.41518855406322,87.7953174964537,1
21.872977477985877,87.64452057456566,8
21.7817360834089,88.18901320276468,12
22.417235867109813,87.8394476181066,6
22.215172538895168,88.14982563852314,18
21.99551141474145,87.92641183832251,9
21.651431438915253,88.50862188199179,4
21.48555015602418,87.99841728573784,10
22.073206177696953,88.04283707357801,10
22.04950420345156,88.03363220118185,13
21.969036040363218,87.95750314493363,15
22.339345603684194,87.75637905427821,9
21.73351730078111,88.22169890506333,9
22.223400699932153,88.23017329470173,9
21.98805138586425,87.82144306046251,17
21.897512018585353,88.07373879490129,4
21.939216189238252,88.47209979501676,5
22.020278589867246,88.28685132709218,13
22.00763520899111,88.21934696452672,14
21.83561290085549,87.89318446201094,8
22.283435797679893,88.19078185207727,17
22.327572025222235,87.89635952102955,10
21.8800677806148,88.39287194362917,18
21.94512405029742,88.08437376012499,14
21.726990336511808,88.43209517238735,8
22.52532826797191,88.11647606898863,8
22.260382373490323,87.78588114572656,18
21.825203197009245,87.99157805988028,13
22.42494015504728,87.72969427224042,16
21.654956186799225,87.77167868923127,18
21.929955494434093,87.84546214742456,4
21.959510729931747,87.90799726231322,4
21.901413596057804,88.18462027152626,3
21.74315983060094,88.07964988262192,13
22.143585518906946,87.8150464895918,19
22.392011486124,88.09343110778427,7
21.880769707031106,87.92818106509326,17
21.42597952275404,87.79052864894349,9
21.699369006316097,88.24931113523999,16
22.074217923514517,87.90756310852072,8
21.76580189090122,88.25100775664143,17
21.760871960644756,88.24505400807175,16
21.97952911021541,88.09439014178467,5
21.97293326442262,88.77511333892359,3
21.627942341619836,88.07953618120577,3
22.080595735675743,88.03121373882804,14
21.90834151189314,87.80718443017726,11
22.015790135020154,88.44514574394567,9
22.098654801319285,88.28257113200962,11
21.71151666135726,88.26445186673772,14
21.598717607225485,87.87740284763096,2
22.15102017852397,88.2191678227562,19
21.726715300564507,88.05053988772013,10
22.10082463237571,88.2244694963043,13
21.857248303301382,88.09848171620371,19
22.181552730740176,88.10489836523298,8
22.164383587430656,87.9748612264035,16
21.987986097176016,87.89943894629603,17
22.38183836417393,87.95610750926366,8
22.11775480991206,88.33590682691123,10
21.83063232233708,88.50632381108801,17
22.350572822247404,88.3031974935903,8
21.92832431692537,88.36330071686942,19
21.82026551328483,87.78555040207762,17
21.978975992946477,88.1971226829575,6
21.878814263818885,87.84245535322437,18
21.59707037034401,88.04079125807321,5
22.136626854335688,88.11962115788664,15
22.17247750374858,88.0352494723592,7
22.009230719052226,88.4546754036269,19
22.19333778667721,87.76213595125485,4
22.208223129405518,87.52642996268293,16
22.233773038485392,87.81141389234895,5
21.83709826708924,88.01763581674143,6
22.07634909591268,88.25499681070976,8
21.85373096196165,88.16015721537194,14
21.66746514881612,88.38683908141942,17
21.492258533922985,87.59119557017512,1
22.39405015530829,88.2779802808155,12
21.985070198943628,88.17729530199979,2
21.722195629289455,88.06697938032848,10
21.70332585339404,88.06787943215447,13
21.56486470756844,88.2749318796355,6
22.03809769066977,88.33515293258434,14
22.49341002097152,88.02945201690201,17
21.834188844454015,88.23850471896556,4
21.835734679875056,87.8309369611751,18
21.631000642302148,88.4567957313103,5
22.14392104466162,88.18736117147573,9
22.053710066764488,87.98928628189873,8
21.963466140657523,88.46613397049325,1
22.101273941601026,88.32548982992135,13
21.618330424016037,88.209945574652,11
21.504061837641714,87.84456357356878,4
21.66714396197498,87.82871755377928,17
21.727546359991425,87.89178491174894,4
22.020165199530577,88.07553280393876,8
21.80834032710499,88.10770009133196,2
22.360327180493915,88.41063262023572,17
22.3888314866397,87.5281261005403,16
21.86340586141425,87.98059901374569,6
21.9599891718604,88.24444874931933,7
21.763424193891726,88.0454184205864,15
22.072127425124666,88.21343215521163,13
22.213491146198844,87.783344371034,6
22.20488963130473,88.13626703696347,17
21.923098655827552,87.8351461891189,1
21.86343557055166,88.1944173817486,12
21.836593529092436,88.09569217703374,1
22.381827315048746,87.88551522582326,3
21.864821093395413,87.86837577795337,13
22.213575046264424,88.24606541234984,11
21.916633490889897,88.06439008974024,12
21.54207646560942,88.37249955559952,18
21.97528853632413,88.06727864516795,8
21.627294213926767,88.15525436824265,16
21.857737835308242,88.21423557775262,1
21.781040257958505,88.43922032922828,9
22.015342077940755,88.21253837473456,4
21.86369410523009,88.20508043202923,4
21.78285902841928,88.01916361645391,15
22.163050369572165,88.22889749537848,14
21.870475600448014,88.0928110799353,12
22.03213916007289,88.37471714482906,7
22.02232249367244,88.1810556507027,9
21.790851111879512,88.12697378103884,5
21.98315545788734,88.03469895331934,19
21.826517884810137,88.20400149168151,6
21.953595600312855,88.28834239037752,4
21.865787229255158,88.23367007156077,6
22.041211655836413,87.9964048459629,13
22.434202055608257,88.57195936603799,7
22.609265511376286,88.15698465646389,8
23.02032765643495,88.27356898921447,19
22.264695649471218,88.73882266331718,9
22.49012716395493,88.20613395559329,11
22.37164451414334,88.3613579854955,17
23.0241724527185,88.89127195588962,7
22.476032779225694,88.15627938789233,7
22.36364957640436,88.52727054501953,13
22.543157151488153,88.18907839329125,6
22.697514516343738,88.55580049054032,17
22.93146723087387,88.44007982346062,2
22.288656707916953,88.93056113130093,5
22.80209963943634,87.89141081961613,8
22.630751152725107,88.13111961104575,7
22.70485439947204,88.0232217885778,16
22.238747513849656,88.24494180372446,2
22.367525840291705,88.51331754164224,11
22.338039706469473,87.82403974562801,17
22.391298725307372,88.40335139726271,7
22.769530916380816,88.29788949611357,2
22.674298366588918,88.24469800948665,7
22.41656927589699,88.22715543942067,12
22.05012009931273,87.9906702515737,9
22.443886364112018,89.01605364556293,3
22.3038986966429,87.74364636553145,2
22.93808632011409,88.2745557002445,19
22.33359801153165,88.36188788082033,5
22.71980010860799,88.39035650746669,13
22.806504268678705,88.54765339686362,5
22.5965122542004,88.32877760351462,13
22.3610754043337,88.69714257609725,15
22.4021566220627,88.06520500554495,3
22.902056614976544,88.51832738026081,19
22.74837626113745,88.12816924436876,14
23.100840234853326,88.0814282412062,15
22.29787462161587,88.47357851156517,3
22.6782930873405,88.12195525011191,14
22.697547039732452,87.28729635146914,12
22.565952746064387,88.43566134723854,17
22.718632444925426,88.23510326341415,6
22.670240096866017,88.70713974240225,16
22.677487403818994,88.40570218919099,10
22.399803636656234,88.34404512982621,14
22.26728961515463,88.49786261290755,4
22.084943102749296,88.14545066406122,19
22.277875931735696,88.73498193536197,16
23.113043800560412,88.28525385274048,16
22.42159820140181,88.17327836176158,19
22.900521079464284,88.4678455950481,13
22.53253840000004,88.41060998858839,2
22.457039588983434,88.16299831874703,8
22.813392744634616,88.47157680173414,15
22.531314009946307,88.1246404529487,10
22.48476840474127,88.3974992412114,4
22.553693909227857,87.88302715024122,2
22.426170221475147,88.30894555680293,14
22.894755127705217,88.09060530542074,15
22.39342079793259,88.026287108841,14
22.685150548780772,88.0119024305458,2
22.951784634319466,87.96741133819272,1
22.691265603976603,88.34424101605818,9
22.621637720581504,88.42211381676289,14
22.3446391420886,88.40912449729525,10
22.411481746301362,88.08447822868472,6
22.79611336454972,88.27976460439595,13
22.154693030467065,88.37427505534423,13
23.062250036653257,88.59586227027448,8
22.498083376753105,88.84688313307751,5
23.05137016632547,88.11570707391279,1
22.369825331428117,88.48377485608924,17
22.51616468198814,88.08416790680779,18
22.33905490900006,87.95515672815871,14
22.213063697342204,88.0176889772955,1
22.78512738165053,88.34050757048553,7
22.531290317331674,88.26701072872079,6
22.922001124526446,88.4300643210141,4
22.65518967413603,87.6242681007917,8
22.28081649433615,88.30460573890319,9
22.52623017725897,88.06492412920063,2
22.29186858670687,87.7243835109096,5
22.649470728424372,88.13102289809113,1
22.34428114283945,88.17100846758049,18
22.475522708774406,88.745659935034,3
22.56584106409331,88.11197830637192,7
22.258086519985707,88.08059047664682,4
22.481046914166914,88.20697094155683,6
22.898127004526046,88.86111913891354,18
22.688102911273795,88.85846771426812,9
22.82332360639635,88.16060017634109,1
22.251763386372453,88.0280579847277,11
22.467171284428765,88.35057431438398,19
22.334495163418744,88.13758557503233,11
22.67801546593488,88.73688438947792,13
22.138301957881822,88.70014325197783,19
22.675044255396585,88.06703863270303,10
22.824669471336694,88.25823994984071,2
22.65583241123489,88.24343396997139,5
22.459351611984577,88.18702515472361,7
22.884880968933096,88.30410421801415,1
22.421066872372563,88.11628150059332,7
22.56886989746488,88.53349773009933,2
22.6486383380989,88.66370796637736,15
22.27824872237518,88.53337342718473,14
22.940472017534496,88.06306061451534,18
22.623806577508986,88.27405034421177,18
22.722992436920677,88.3134590939733,14
22.46103189084557,88.42725540514154,11
22.569581722222924,88.07744089645261,13
22.599494880478296,88.10054534615647,19
22.549461800779877,88.23098690716576,19
22.693794714017212,88.1419621300515,3
22.534025258490317,88.65361876453599,19
22.314776401248,88.69757032818211,12
22.39559213285312,88.47875812750533,18
22.312423425147994,88.38861441076243,7
22.577739624753942,88.56699511629228,18
23.086506551381007,88.27355817163587,12
22.57053045067154,88.46465324092223,10
22.261551421660254,87.80472280379604,6
22.499655097208542,88.35351004330715,3
22.596386615632134,88.36219996481599,14
22.894600390243475,88.04457335725218,16
22.93623098758198,88.53827059959309,9
22.61387361749359,88.02988348767192,7
22.90490027683023,87.91527587236767,14
22.250080519240857,88.48124750512778,13
22.513260539475624,88.3442064540966,16
22.90871520621207,88.2875464997523,18
22.401911496869612,88.22735939817834,12
22.155131077444018,88.5219144289287,15
22.36175706556578,88.04175488916094,7
22.724622643326715,88.42098069647133,18
22.361973828396987,87.9686436428975,14
22.221844018079153,88.19607837473781,18
22.217712013292314,88.410180444584,15
22.713467228151963,88.22310595619095,6
23.121533894985795,88.35474008335355,11
22.528870500485773,88.47430826056306,18
22.493994841290316,88.34576521165373,3
22.552468895995652,88.15692762876297,3
21.99257361863444,87.99713993567349,2
22.550817228901327,88.18279475117586,12
22.718788507372555,88.77122376457775,16
22.61101301899276,88.02969201385056,10
22.66950479043908,88.04382940998515,12
22.49519143778908,87.71394581572285,4
22.078188747428936,88.17787420896292,19
22.39362875124176,88.24042397879398,16
22.711561354956693,88.0311346421004,2
22.65269240241684,87.9815807093151,5
22.639257611042527,88.08498985213937,18
22.708232994752223,87.99372588312625,19
22.662065471544242,88.08252288481052,9
22.781295204080386,88.31127282423101,18
22.714810198503425,88.26288624299633,13
22.89923419316009,88.08678763095892,5
22.744256010665016,88.02930364146364,10
22.5367437934233,88.45439418208073,6
22.86028356193897,87.59805629202053,17
22.845681403456993,88.51107818275877,8
22.65796016446164,88.73667784098653,16
22.798497092398136,88.17180935235015,10
22.52111653052571,88.09155218627086,11
22.32101763942304,88.8820324197966,5
22.90649341294904,88.42700233089585,8
22.898371005058625,87.88406230688437,15
22.063147227552914,88.2186494665733,10
22.4009432549667,88.01541744852416,6
22.7793019460812,88.17952669197673,2
22.098714903094322,88.0781991257552,17
22.966565773106243,88.5839140593273,18
23.013051972014654,88.42492276891163,6
22.19691965380241,88.44890029069556,10
22.73016820281453,87.96512841677396,16
22.412855576507702,88.1311220794626,18
22.498461876951204,87.88078204023398,6
22.17194357597378,87.9522077549198,1
22.652818329960756,88.40508885314759,17
22.641461350365468,88.1972531203559,17
22.459861285151046,88.19436846089724,1
22.917279357835632,88.54675648614217,14
23.0659048762195,88.5413857775903,4
22.502380929391418,88.48255158004831,17
22.25327419694507,88.22949425806209,19
22.049528315935255,88.19460871106297,14
22.995514502898114,88.23878694041423,6
22.466864271695506,88.16960960813256,11
22.555803484545486,88.09665066504289,9
22.399933604869606,87.70312473166443,8
22.39076103504941,88.27799431167925,12
22.693993682229223,88.73579214491409,6
22.51018482255058,88.07079184345795,16
22.1361118452057,88.25478469105082,10
22.619990128794452,88.30735318639157,3
22.31821389989561,88.63626875667059,7
22.728618502979202,88.53234065420213,10
22.42832182630426,88.1727459004377,12
22.34385252783609,88.00057285737843,6
22.389953147543853,88.55154508359203,2
22.12838658717906,88.58169608896809,12
22.70296079072514,88.27168576259146,10
22.96530960040858,88.28766263010962,11
22.714734043949456,88.56434621699975,4
22.54725094639062,88.08078864183311,1
22.528426735642743,88.34009534261222,1
22.444878745505672,87.87290475238099,14
